数据ID,仪表功能代号,仪表位号,工作介质,工作温度,工作压力,仪表类型,相态,所在位置材质,控制点名称,所在管道或设备,最小值,最大值,正常值,流程图号,所在位置尺寸,备注,安装方向,
'4ADC6,LIAS,40304,乙醇,40℃,0.1MPa,,L,S30408,V1101液位,V1101,200mm,1000mm,2000mm,S20C14-23-04-03,Φ1600/Φ1750x4225,,,
'4ADB0,LIAS,40303,乙醇,40℃,0.1MPa,,L,S30408,V1101液位,V1101,200mm,1000mm,2000mm,S20C14-23-04-03,Φ1600/Φ1750x4225,,,
'4AD9A,LIAS,40302,乙醇,40℃,0.1MPa,,L,S30408,V1101液位,V1101,200mm,1000mm,2000mm,S20C14-23-04-03,Φ1600/Φ1750x4225,,,
'4AD84,LIAS,40301,乙醇,40℃,0.1MPa,,L,S30408,V1101液位,V1101,200mm,1000mm,2000mm,S20C14-23-04-03,Φ1600/Φ1750x4225,,,
'4AB68,TG,50106,物料XXX,30℃,0.1MPa,,L,S30408,V1101液位,V1101,200mm,2000mm,1000mm,S20C14-23-05-01,DN50 PN16,,V,
'4AB53,TG,50105,物料XXX,30℃,0.1MPa,,L,S30408,V1101液位,V1101,200mm,2000mm,1000mm,S20C14-23-05-01,DN50 PN16,,V,
'4AB3D,PG,50112,-40℃冷冻乙二醇,30℃,0.3MPa,,L,S30408,V1101液位,V1101,200mm,2000mm,1000mm,S20C14-23-05-01,Φ1600x4225,,V,
'4AB10,LG,50103,-15℃冷冻乙二醇,30℃,0.3MPa,,L,S30408,V1101液位,V1101,200mm,2000mm,1000mm,S20C14-23-05-01,Φ1600x4225,,V,
'4AA8D,PG,50109,有机废气,30℃,0.3MPa,,L,S30408,V1101液位,V1101,200mm,2000mm,1000mm,S20C14-23-05-01,Φ1600x4225,,V,
'4AA79,PG,50111,-15℃冷冻乙二醇,30℃,0.3MPa,,L,S30408,V1101液位,V1101,200mm,2000mm,1000mm,S20C14-23-05-01,Φ1600x4225,,V,
'4AA65,PG,50110,水,30℃,0.3MPa,,L,S30408,V1101液位,V1101,200mm,2000mm,1000mm,S20C14-23-05-01,Φ1600x4225,,V,
'4A8CB,TG,50104,物料XXX,30℃,0.1MPa,,L,S30408,V1101液位,V1101,200mm,2000mm,1000mm,S20C14-23-05-01,DN50 PN16,,V,
'4A8B6,TG,50103,物料XXX,30℃,0.1MPa,,L,S30408,V1101液位,V1101,200mm,2000mm,1000mm,S20C14-23-05-01,DN50 PN16,,V,
'4A8A0,PG,50108,-40℃冷冻乙二醇,30℃,0.3MPa,,L,S30408,V1101液位,V1101,200mm,2000mm,1000mm,S20C14-23-05-01,Φ1600x4225,,V,
'4A873,LG,50102,-15℃冷冻乙二醇,30℃,0.3MPa,,L,S30408,V1101液位,V1101,200mm,2000mm,1000mm,S20C14-23-05-01,Φ1600x4225,,V,
'4A7F0,PG,50105,有机废气,30℃,0.3MPa,,L,S30408,V1101液位,V1101,200mm,2000mm,1000mm,S20C14-23-05-01,Φ1600x4225,,V,
'4A7DC,PG,50107,-15℃冷冻乙二醇,30℃,0.3MPa,,L,S30408,V1101液位,V1101,200mm,2000mm,1000mm,S20C14-23-05-01,Φ1600x4225,,V,
'4A7C8,PG,50106,水,30℃,0.3MPa,,L,S30408,V1101液位,V1101,200mm,2000mm,1000mm,S20C14-23-05-01,Φ1600x4225,,V,
'4A667,TG,50102,物料XXX,30℃,0.1MPa,,L,S30408,V1101液位,V1101,200mm,2000mm,1000mm,S20C14-23-05-01,DN50 PN16,,V,
'4A652,TG,50101,物料XXX,30℃,0.1MPa,,L,S30408,V1101液位,V1101,200mm,2000mm,1000mm,S20C14-23-05-01,DN50 PN16,,V,
'4A63B,PG,50104,-40℃冷冻乙二醇,30℃,0.3MPa,,L,S30408,V1101液位,V1101,200mm,2000mm,1000mm,S20C14-23-05-01,Φ1600x4225,,V,
'4A60E,LG,50101,-15℃冷冻乙二醇,30℃,0.3MPa,,L,S30408,V1101液位,V1101,200mm,2000mm,1000mm,S20C14-23-05-01,Φ1600x4225,,V,
'4A58B,PG,50101,有机废气,30℃,0.3MPa,,L,S30408,V1101液位,V1101,200mm,2000mm,1000mm,S20C14-23-05-01,Φ1600x4225,,V,
'4A577,PG,50103,-15℃冷冻乙二醇,30℃,0.3MPa,,L,S30408,V1101液位,V1101,200mm,2000mm,1000mm,S20C14-23-05-01,Φ1600x4225,,V,
'4A563,PG,50102,水,30℃,0.3MPa,,L,S30408,V1101液位,V1101,200mm,2000mm,1000mm,S20C14-23-05-01,Φ1600x4225,,V,
'4A4BD,PG,42207,物料XXX,30℃,0.1MPa,,L,S30408,V1101液位,V1101,200mm,2000mm,1000mm,S20C14-23-04-22,DN50 PN16,,V,
'4A4A5,LSA,42201,物料XXX,30℃,0.1MPa,,L,S30408,V1101压力,,200mm,2000mm,1000mm,S20C14-23-04-22,,,V,
'4A48E,LSA,42103,物料XXX,30℃,0.1MPa,,L,S30408,V1101压力,,200mm,2000mm,1000mm,S20C14-23-04-21,,,V,
'4A478,PISA,42110,物料XXX,30℃,0.1MPa,,L,S30408,V1101压力,,200mm,2000mm,1000mm,S20C14-23-04-21,,,V,
'4A461,LSA,42001,物料XXX,30℃,0.1MPa,,L,S30408,V1101压力,,200mm,2000mm,1000mm,S20C14-23-04-20,,,V,
'4A44A,LSA,41902,物料XXX,30℃,0.1MPa,,L,S30408,V1101压力,,200mm,2000mm,1000mm,S20C14-23-04-19,,,V,
'4A433,LSA,41602,物料XXX,30℃,0.1MPa,,L,S30408,V1101压力,,200mm,2000mm,1000mm,S20C14-23-04-16,,,V,
'4A41C,LSA,41501,物料XXX,30℃,0.1MPa,,L,S30408,V1101压力,,200mm,2000mm,1000mm,S20C14-23-04-15,,,V,
'4A406,PISA,41501,物料XXX,30℃,0.1MPa,,L,S30408,V1101压力,,200mm,2000mm,1000mm,S20C14-23-04-15,,,V,
'4A3EF,LSA,41401,物料XXX,30℃,0.1MPa,,L,S30408,V1101压力,,200mm,2000mm,1000mm,S20C14-23-04-14,,,V,
'4A3D8,LSA,41301,物料XXX,30℃,0.1MPa,,L,S30408,V1101压力,,200mm,2000mm,1000mm,S20C14-23-04-13,,,V,
'4A3C1,LSA,41202,物料XXX,30℃,0.1MPa,,L,S30408,V1101压力,,200mm,2000mm,1000mm,S20C14-23-04-12,,,V,
'4A3AA,LSA,41102,物料XXX,30℃,0.1MPa,,L,S30408,V1101压力,,200mm,2000mm,1000mm,S20C14-23-04-11,,,V,
'4A393,LSA,41001,物料XXX,30℃,0.1MPa,,L,S30408,V1101压力,,200mm,2000mm,1000mm,S20C14-23-04-10,,,V,
'4A37C,LSA,40901,物料XXX,30℃,0.1MPa,,L,S30408,V1101压力,,200mm,2000mm,1000mm,S20C14-23-04-09,,,V,
'4A365,LSA,40501,物料XXX,30℃,0.1MPa,,L,S30408,V1101压力,,200mm,2000mm,1000mm,S20C14-23-04-05,,,V,
'4A34E,LSA,40401,物料XXX,30℃,0.1MPa,,L,S30408,V1101压力,,200mm,2000mm,1000mm,S20C14-23-04-04,,,V,
'4A329,PG,41407,物料XXX,30℃,0.1MPa,,L,S30408,V1101液位,V1101,200mm,2000mm,1000mm,S20C14-23-04-14,DN50 PN16,,V,
'4A2F2,PG,41107,物料XXX,30℃,0.1MPa,,L,S30408,V1101液位,V1101,200mm,2000mm,1000mm,S20C14-23-04-11,DN50 PN16,,V,
'4A2DD,PG,41007,压缩空气,30℃,0.7MPa,,L,S30408,V1101液位,V1101,200mm,2000mm,1000mm,S20C14-23-04-10,Φ1600x4225,,V,
'4A28F,LSA,40305,物料XXX,30℃,0.1MPa,,L,S30408,V1101压力,,200mm,2000mm,1000mm,S20C14-23-04-03,,,V,
'4A278,LSA,40201,物料XXX,30℃,0.1MPa,,L,S30408,V1101压力,,200mm,2000mm,1000mm,S20C14-23-04-02,,,V,
'4A217,PG,40808,物料XXX,30℃,0.1MPa,,L,S30408,V1101液位,V1101,200mm,2000mm,1000mm,S20C14-23-04-08,DN50 PN16,,V,
'44872,PG,41108,物料XXX,30℃,0.1MPa,,L,S30408,V1101液位,V1101,200mm,2000mm,1000mm,S20C14-23-04-11,DN50 PN16,,V,
'4485E,PG,41408,物料XXX,30℃,0.1MPa,,L,S30408,V1101液位,V1101,200mm,2000mm,1000mm,S20C14-23-04-14,DN50 PN16,,V,
'4484A,PG,42208,物料XXX,30℃,0.1MPa,,L,S30408,V1101液位,V1101,200mm,2000mm,1000mm,S20C14-23-04-22,DN50 PN16,,V,
'44817,PG,42211,物料XXX,30℃,0.1MPa,,L,S30408,V1101液位,V1101,200mm,2000mm,1000mm,S20C14-23-04-22,DN50 PN16,,V,
'447E0,LIA,42202,物料XXX,30℃,0.1MPa,,L,S30408,V1101压力,,200mm,2000mm,1000mm,S20C14-23-04-22,,,V,
'4477C,PG,41411,物料XXX,30℃,0.1MPa,,L,S30408,V1101液位,V1101,200mm,2000mm,1000mm,S20C14-23-04-14,DN50 PN16,,V,
'44745,LIA,41402,物料XXX,30℃,0.1MPa,,L,S30408,V1101压力,,200mm,2000mm,1000mm,S20C14-23-04-14,,,V,
'446E2,PG,41109,物料XXX,30℃,0.1MPa,,L,S30408,V1101液位,V1101,200mm,2000mm,1000mm,S20C14-23-04-11,DN50 PN16,,V,
'446A9,LIA,41103,物料XXX,30℃,0.1MPa,,L,S30408,V1101压力,,200mm,2000mm,1000mm,S20C14-23-04-11,,,V,
'44658,PG,41008,压缩空气,30℃,0.7MPa,,L,S30408,V1101液位,V1101,200mm,2000mm,1000mm,S20C14-23-04-10,Φ1600x4225,,V,
'44631,PG,41011,物料XXX,30℃,0.1MPa,,L,S30408,V1101液位,V1101,200mm,2000mm,1000mm,S20C14-23-04-10,DN50 PN16,,V,
'445FB,LIA,41002,物料XXX,30℃,0.1MPa,,L,S30408,V1101压力,,200mm,2000mm,1000mm,S20C14-23-04-10,,,V,
'444F2,PG,41607,物料XXX,30℃,0.1MPa,,L,S30408,V1101液位,V1101,200mm,2000mm,1000mm,S20C14-23-04-16,DN50 PN16,,V,
'44357,PG,41808,物料XXX,30℃,0.1MPa,,L,S30408,V1101液位,V1101,200mm,2000mm,1000mm,S20C14-23-04-18,DN50 PN16,,V,
'44335,LG,41803,物料XXX,30℃,0.1MPa,,L,S30408,V1101液位,V1101,200mm,2000mm,1000mm,S20C14-23-04-18,DN50 PN16,,V,
'4431B,AIRA,41802,物料XXX,30℃,0.1MPa,,L,S30408,V1101压力,,200mm,2000mm,1000mm,S20C14-23-04-18,,,V,
'44304,AIRA,41801,物料XXX,30℃,0.1MPa,,L,S30408,V1101压力,,200mm,2000mm,1000mm,S20C14-23-04-18,,,V,
'442EE,LIRA,41801,物料XXX,30℃,0.1MPa,,L,S30408,V1101压力,,200mm,2000mm,1000mm,S20C14-23-04-18,,,V,
'442D8,TIC,41802,物料XXX,30℃,0.1MPa,,L,S30408,V1101压力,,200mm,2000mm,1000mm,S20C14-23-04-18,,,V,
'442C3,XV,41812,物料XXX,30℃,0.1MPa,,L,S30408,V1101液位,V1101,200mm,2000mm,1000mm,S20C14-23-04-18,DN50 PN16,,V,
'4427F,TG,41803,物料XXX,30℃,0.1MPa,,L,S30408,V1101液位,V1101,200mm,2000mm,1000mm,S20C14-23-04-18,DN50 PN16,,V,
'44269,PIA,41807,物料XXX,30℃,0.1MPa,,L,S30408,V1101压力,,200mm,2000mm,1000mm,S20C14-23-04-18,,,V,
'44253,LIA,41802,物料XXX,30℃,0.1MPa,,L,S30408,V1101压力,,200mm,2000mm,1000mm,S20C14-23-04-18,,,V,
'44225,XV,41808,物料XXX,30℃,0.1MPa,,L,S30408,V1101液位,V1101,200mm,2000mm,1000mm,S20C14-23-04-18,DN50 PN16,,V,
'44211,XV,41807,物料XXX,30℃,0.1MPa,,L,S30408,V1101液位,V1101,200mm,2000mm,1000mm,S20C14-23-04-18,DN50 PN16,,V,
'441FD,XV,41810,物料XXX,30℃,0.1MPa,,L,S30408,V1101液位,V1101,200mm,2000mm,1000mm,S20C14-23-04-18,DN50 PN16,,V,
'441E9,XV,41811,物料XXX,30℃,0.1MPa,,L,S30408,V1101液位,V1101,200mm,2000mm,1000mm,S20C14-23-04-18,DN50 PN16,,V,
'441B2,TV,41802,物料XXX,30℃,0.1MPa,,L,S30408,V1101液位,V1101,200mm,2000mm,1000mm,S20C14-23-04-18,DN50 PN16,,V,
'4419C,XV,41802,物料XXX,30℃,0.1MPa,,L,S30408,V1101液位,V1101,200mm,2000mm,1000mm,S20C14-23-04-18,DN50 PN16,,V,
'44187,PG,41802,物料XXX,30℃,0.1MPa,,L,S30408,V1101液位,V1101,200mm,2000mm,1000mm,S20C14-23-04-18,DN50 PN16,,V,
'4414E,TV,41801,物料XXX,30℃,0.1MPa,,L,S30408,V1101液位,V1101,200mm,2000mm,1000mm,S20C14-23-04-18,DN50 PN16,,V,
'44138,XV,41801,物料XXX,30℃,0.1MPa,,L,S30408,V1101液位,V1101,200mm,2000mm,1000mm,S20C14-23-04-18,DN50 PN16,,V,
'44123,PG,41801,物料XXX,30℃,0.1MPa,,L,S30408,V1101液位,V1101,200mm,2000mm,1000mm,S20C14-23-04-18,DN50 PN16,,V,
'440EC,TV,41803,物料XXX,30℃,0.1MPa,,L,S30408,V1101液位,V1101,200mm,2000mm,1000mm,S20C14-23-04-18,DN50 PN16,,V,
'440D6,XV,41803,物料XXX,30℃,0.1MPa,,L,S30408,V1101液位,V1101,200mm,2000mm,1000mm,S20C14-23-04-18,DN50 PN16,,V,
'440C0,PG,41803,物料XXX,30℃,0.1MPa,,L,S30408,V1101液位,V1101,200mm,2000mm,1000mm,S20C14-23-04-18,DN50 PN16,,V,
'44087,TV,41804,物料XXX,30℃,0.1MPa,,L,S30408,V1101液位,V1101,200mm,2000mm,1000mm,S20C14-23-04-18,DN50 PN16,,V,
'44071,XV,41809,物料XXX,30℃,0.1MPa,,L,S30408,V1101液位,V1101,200mm,2000mm,1000mm,S20C14-23-04-18,DN50 PN16,,V,
'4405B,PG,41804,物料XXX,30℃,0.1MPa,,L,S30408,V1101液位,V1101,200mm,2000mm,1000mm,S20C14-23-04-18,DN50 PN16,,V,
'44016,XV,41815,物料XXX,30℃,0.1MPa,,L,S30408,V1101液位,V1101,200mm,2000mm,1000mm,S20C14-23-04-18,DN50 PN16,,V,
'43FFD,XV,41814,物料XXX,30℃,0.1MPa,,L,S30408,V1101液位,V1101,200mm,2000mm,1000mm,S20C14-23-04-18,DN50 PN16,,V,
'43FD2,TV,41805,物料XXX,30℃,0.1MPa,,L,S30408,V1101液位,V1101,200mm,2000mm,1000mm,S20C14-23-04-18,DN50 PN16,,V,
'43FBC,XV,41813,物料XXX,30℃,0.1MPa,,L,S30408,V1101液位,V1101,200mm,2000mm,1000mm,S20C14-23-04-18,DN50 PN16,,V,
'43FA2,XV,41804,物料XXX,30℃,0.1MPa,,L,S30408,V1101液位,V1101,200mm,2000mm,1000mm,S20C14-23-04-18,DN50 PN16,,V,
'43F81,XV,41806,物料XXX,30℃,0.1MPa,,L,S30408,V1101液位,V1101,200mm,2000mm,1000mm,S20C14-23-04-18,DN50 PN16,,V,
'43F6C,XV,41805,物料XXX,30℃,0.1MPa,,L,S30408,V1101液位,V1101,200mm,2000mm,1000mm,S20C14-23-04-18,DN50 PN16,,V,
'43F4E,PV,41801,物料XXX,30℃,0.1MPa,,L,S30408,V1101液位,V1101,200mm,2000mm,1000mm,S20C14-23-04-18,DN50 PN16,,V,
'43F37,FIC,41801,物料XXX,30℃,0.1MPa,,L,S30408,V1101压力,,200mm,2000mm,1000mm,S20C14-23-04-18,,,V,
'43F23,PV,41802,物料XXX,30℃,0.1MPa,,L,S30408,V1101液位,V1101,200mm,2000mm,1000mm,S20C14-23-04-18,DN50 PN16,,V,
'43F0D,TIC,41801,物料XXX,30℃,0.1MPa,,L,S30408,V1101压力,,200mm,2000mm,1000mm,S20C14-23-04-18,,,V,
'43EF7,PIR,41805,物料XXX,30℃,0.1MPa,,L,S30408,V1101压力,,200mm,2000mm,1000mm,S20C14-23-04-18,,,V,
'43EE1,IR,1101,物料XXX,30℃,0.1MPa,,L,S30408,V1101压力,,200mm,2000mm,1000mm,S20C14-23-04-18,,,V,
'43EBD,PG,41806,物料XXX,30℃,0.1MPa,,L,S30408,V1101液位,V1101,200mm,2000mm,1000mm,S20C14-23-04-18,DN50 PN16,,V,
'43D58,XV,41718,物料XXX,30℃,0.1MPa,,L,S30408,V1101液位,V1101,200mm,2000mm,1000mm,S20C14-23-04-17,DN50 PN16,,V,
'43CF5,PV,41701,物料XXX,30℃,0.1MPa,,L,S30408,V1101液位,V1101,200mm,2000mm,1000mm,S20C14-23-04-17,DN50 PN16,,V,
'43CD2,PG,41701,物料XXX,30℃,0.1MPa,,L,S30408,V1101液位,V1101,200mm,2000mm,1000mm,S20C14-23-04-17,DN50 PN16,,V,
'43C94,AIRA,41703,物料XXX,30℃,0.1MPa,,L,S30408,V1101压力,,200mm,2000mm,1000mm,S20C14-23-04-17,,,V,
'43C7E,AIRA,41702,物料XXX,30℃,0.1MPa,,L,S30408,V1101压力,,200mm,2000mm,1000mm,S20C14-23-04-17,,,V,
'43C68,TIC,41702,物料XXX,30℃,0.1MPa,,L,S30408,V1101压力,,200mm,2000mm,1000mm,S20C14-23-04-17,,,V,
'43C51,XV,41702,物料XXX,30℃,0.1MPa,,L,S30408,V1101液位,V1101,200mm,2000mm,1000mm,S20C14-23-04-17,DN50 PN16,,V,
'43C21,XV,41710,物料XXX,30℃,0.1MPa,,L,S30408,V1101液位,V1101,200mm,2000mm,1000mm,S20C14-23-04-17,DN50 PN16,,V,
'43C0D,XV,41709,物料XXX,30℃,0.1MPa,,L,S30408,V1101液位,V1101,200mm,2000mm,1000mm,S20C14-23-04-17,DN50 PN16,,V,
'43BF9,XV,41712,物料XXX,30℃,0.1MPa,,L,S30408,V1101液位,V1101,200mm,2000mm,1000mm,S20C14-23-04-17,DN50 PN16,,V,
'43BE5,XV,41713,物料XXX,30℃,0.1MPa,,L,S30408,V1101液位,V1101,200mm,2000mm,1000mm,S20C14-23-04-17,DN50 PN16,,V,
'43BCA,XV,41714,物料XXX,30℃,0.1MPa,,L,S30408,V1101液位,V1101,200mm,2000mm,1000mm,S20C14-23-04-17,DN50 PN16,,V,
'43B9A,TV,41704,物料XXX,30℃,0.1MPa,,L,S30408,V1101液位,V1101,200mm,2000mm,1000mm,S20C14-23-04-17,DN50 PN16,,V,
'43B84,XV,41704,物料XXX,30℃,0.1MPa,,L,S30408,V1101液位,V1101,200mm,2000mm,1000mm,S20C14-23-04-17,DN50 PN16,,V,
'43B6F,PG,41704,物料XXX,30℃,0.1MPa,,L,S30408,V1101液位,V1101,200mm,2000mm,1000mm,S20C14-23-04-17,DN50 PN16,,V,
'43B36,TV,41703,物料XXX,30℃,0.1MPa,,L,S30408,V1101液位,V1101,200mm,2000mm,1000mm,S20C14-23-04-17,DN50 PN16,,V,
'43B20,XV,41703,物料XXX,30℃,0.1MPa,,L,S30408,V1101液位,V1101,200mm,2000mm,1000mm,S20C14-23-04-17,DN50 PN16,,V,
'43B0B,PG,41703,物料XXX,30℃,0.1MPa,,L,S30408,V1101液位,V1101,200mm,2000mm,1000mm,S20C14-23-04-17,DN50 PN16,,V,
'43AD2,TV,41701,物料XXX,30℃,0.1MPa,,L,S30408,V1101液位,V1101,200mm,2000mm,1000mm,S20C14-23-04-17,DN50 PN16,,V,
'43ABC,XV,41701,物料XXX,30℃,0.1MPa,,L,S30408,V1101液位,V1101,200mm,2000mm,1000mm,S20C14-23-04-17,DN50 PN16,,V,
'43A86,TV,41705,物料XXX,30℃,0.1MPa,,L,S30408,V1101液位,V1101,200mm,2000mm,1000mm,S20C14-23-04-17,DN50 PN16,,V,
'43A70,XV,41705,物料XXX,30℃,0.1MPa,,L,S30408,V1101液位,V1101,200mm,2000mm,1000mm,S20C14-23-04-17,DN50 PN16,,V,
'43A5A,PG,41705,物料XXX,30℃,0.1MPa,,L,S30408,V1101液位,V1101,200mm,2000mm,1000mm,S20C14-23-04-17,DN50 PN16,,V,
'43A22,TV,41706,物料XXX,30℃,0.1MPa,,L,S30408,V1101液位,V1101,200mm,2000mm,1000mm,S20C14-23-04-17,DN50 PN16,,V,
'43A0C,XV,41711,物料XXX,30℃,0.1MPa,,L,S30408,V1101液位,V1101,200mm,2000mm,1000mm,S20C14-23-04-17,DN50 PN16,,V,
'439F6,PG,41706,物料XXX,30℃,0.1MPa,,L,S30408,V1101液位,V1101,200mm,2000mm,1000mm,S20C14-23-04-17,DN50 PN16,,V,
'439B2,XV,41717,物料XXX,30℃,0.1MPa,,L,S30408,V1101液位,V1101,200mm,2000mm,1000mm,S20C14-23-04-17,DN50 PN16,,V,
'43999,XV,41716,物料XXX,30℃,0.1MPa,,L,S30408,V1101液位,V1101,200mm,2000mm,1000mm,S20C14-23-04-17,DN50 PN16,,V,
'4396E,TV,41707,物料XXX,30℃,0.1MPa,,L,S30408,V1101液位,V1101,200mm,2000mm,1000mm,S20C14-23-04-17,DN50 PN16,,V,
'43958,XV,41715,物料XXX,30℃,0.1MPa,,L,S30408,V1101液位,V1101,200mm,2000mm,1000mm,S20C14-23-04-17,DN50 PN16,,V,
'4393E,XV,41706,物料XXX,30℃,0.1MPa,,L,S30408,V1101液位,V1101,200mm,2000mm,1000mm,S20C14-23-04-17,DN50 PN16,,V,
'4391D,XV,41708,物料XXX,30℃,0.1MPa,,L,S30408,V1101液位,V1101,200mm,2000mm,1000mm,S20C14-23-04-17,DN50 PN16,,V,
'43908,XV,41707,物料XXX,30℃,0.1MPa,,L,S30408,V1101液位,V1101,200mm,2000mm,1000mm,S20C14-23-04-17,DN50 PN16,,V,
'438EC,PV,41702,物料XXX,30℃,0.1MPa,,L,S30408,V1101液位,V1101,200mm,2000mm,1000mm,S20C14-23-04-17,DN50 PN16,,V,
'438D5,FIC,41701,物料XXX,30℃,0.1MPa,,L,S30408,V1101压力,,200mm,2000mm,1000mm,S20C14-23-04-17,,,V,
'438BF,PV,41703,物料XXX,30℃,0.1MPa,,L,S30408,V1101液位,V1101,200mm,2000mm,1000mm,S20C14-23-04-17,DN50 PN16,,V,
'438A9,TIC,41701,物料XXX,30℃,0.1MPa,,L,S30408,V1101压力,,200mm,2000mm,1000mm,S20C14-23-04-17,,,V,
'43893,PIR,41707,物料XXX,30℃,0.1MPa,,L,S30408,V1101压力,,200mm,2000mm,1000mm,S20C14-23-04-17,,,V,
'4387D,IR,1101,物料XXX,30℃,0.1MPa,,L,S30408,V1101压力,,200mm,2000mm,1000mm,S20C14-23-04-17,,,V,
'43867,ARA,41701,物料XXX,30℃,0.1MPa,,L,S30408,V1101压力,,200mm,2000mm,1000mm,S20C14-23-04-17,,,V,
'43851,TCRA,41702,物料XXX,30℃,0.1MPa,,L,S30408,V1101压力,,200mm,2000mm,1000mm,S20C14-23-04-17,,,V,
'43829,PG,41708,物料XXX,30℃,0.1MPa,,L,S30408,V1101液位,V1101,200mm,2000mm,1000mm,S20C14-23-04-17,DN50 PN16,,V,
'43815,PG,41702,物料XXX,30℃,0.1MPa,,L,S30408,V1101液位,V1101,200mm,2000mm,1000mm,S20C14-23-04-17,DN50 PN16,,V,
'43639,PIA,41608,物料XXX,30℃,0.1MPa,,L,S30408,V1101压力,,200mm,2000mm,1000mm,S20C14-23-04-16,,,V,
'435AF,XV,41207,物料XXX,30℃,0.1MPa,,L,S30408,V1101液位,V1101,200mm,2000mm,1000mm,S20C14-23-04-12,DN50 PN16,,V,
'43591,XV,41208,物料XXX,30℃,0.1MPa,,L,S30408,V1101液位,V1101,200mm,2000mm,1000mm,S20C14-23-04-12,DN50 PN16,,V,
'43574,XV,41607,物料XXX,30℃,0.1MPa,,L,S30408,V1101液位,V1101,200mm,2000mm,1000mm,S20C14-23-04-16,DN50 PN16,,V,
'434E4,TIA,42103,物料XXX,30℃,0.1MPa,,L,S30408,V1101压力,,200mm,2000mm,1000mm,S20C14-23-04-21,,,V,
'434CF,PG,42106,物料XXX,30℃,0.1MPa,,L,S30408,V1101液位,V1101,200mm,2000mm,1000mm,S20C14-23-04-21,DN50 PN16,,V,
'434BA,PG,42105,物料XXX,30℃,0.1MPa,,L,S30408,V1101液位,V1101,200mm,2000mm,1000mm,S20C14-23-04-21,DN50 PN16,,V,
'43448,TICA,42102,物料XXX,30℃,0.1MPa,,L,S30408,V1101压力,,200mm,2000mm,1000mm,S20C14-23-04-21,,,V,
'43337,PIA,40205,物料XXX,30℃,0.1MPa,,L,S30408,V1101压力,,200mm,2000mm,1000mm,S20C14-23-04-02,,,V,
'43169,XV,41608,物料XXX,30℃,0.1MPa,,L,S30408,V1101液位,V1101,200mm,2000mm,1000mm,S20C14-23-04-16,DN50 PN16,,V,
'43152,XV,41406,物料XXX,30℃,0.1MPa,,L,S30408,V1101液位,V1101,200mm,2000mm,1000mm,S20C14-23-04-14,DN50 PN16,,V,
'4313D,XV,41104,物料XXX,30℃,0.1MPa,,L,S30408,V1101液位,V1101,200mm,2000mm,1000mm,S20C14-23-04-11,DN50 PN16,,V,
'430DC,PIA,42213,物料XXX,30℃,-0.09~0.2MPa,,L,S30408,V1101压力,,200mm,2000mm,1000mm,S20C14-23-04-22,,,V,
'43092,LIA,42204,物料XXX,30℃,0.1MPa,,L,S30408,V1101压力,,200mm,2000mm,1000mm,S20C14-23-04-22,,,V,
'43073,LIA,42203,物料XXX,30℃,0.1MPa,,L,S30408,V1101压力,,200mm,2000mm,1000mm,S20C14-23-04-22,,,V,
'4305D,PIA,42212,物料XXX,30℃,0.1MPa,,L,S30408,V1101压力,,200mm,2000mm,1000mm,S20C14-23-04-22,,,V,
'43023,LIA,42101,物料XXX,30℃,0.1MPa,,L,S30408,V1101压力,,200mm,2000mm,1000mm,S20C14-23-04-21,,,V,
'4300D,PIA,42103,物料XXX,30℃,0.1MPa,,L,S30408,V1101压力,,200mm,2000mm,1000mm,S20C14-23-04-21,,,V,
'42FEA,XV,42105,物料XXX,30℃,0.1MPa,,L,S30408,V1101液位,V1101,200mm,2000mm,1000mm,S20C14-23-04-21,DN50 PN16,,V,
'42FD5,XV,42102,物料XXX,30℃,0.1MPa,,L,S30408,V1101液位,V1101,200mm,2000mm,1000mm,S20C14-23-04-21,DN50 PN16,,V,
'42FA7,TICSA,42101,物料XXX,30℃,0.1MPa,,L,S30408,V1101压力,,200mm,2000mm,1000mm,S20C14-23-04-21,,,V,
'42F93,PG,42101,物料XXX,30℃,0.1MPa,,L,S30408,V1101液位,V1101,200mm,2000mm,1000mm,S20C14-23-04-21,DN50 PN16,,V,
'42F7F,TV,42102,物料XXX,30℃,0.1MPa,,L,S30408,V1101液位,V1101,200mm,2000mm,1000mm,S20C14-23-04-21,DN50 PN16,,V,
'42F6B,XV,42104,物料XXX,30℃,0.1MPa,,L,S30408,V1101液位,V1101,200mm,2000mm,1000mm,S20C14-23-04-21,DN50 PN16,,V,
'42F57,PG,42102,物料XXX,30℃,0.1MPa,,L,S30408,V1101液位,V1101,200mm,2000mm,1000mm,S20C14-23-04-21,DN50 PN16,,V,
'42F43,TV,42101,物料XXX,30℃,0.1MPa,,L,S30408,V1101液位,V1101,200mm,2000mm,1000mm,S20C14-23-04-21,DN50 PN16,,V,
'42F2F,XV,42101,物料XXX,30℃,0.1MPa,,L,S30408,V1101液位,V1101,200mm,2000mm,1000mm,S20C14-23-04-21,DN50 PN16,,V,
'42F1B,XV,42103,物料XXX,30℃,0.1MPa,,L,S30408,V1101液位,V1101,200mm,2000mm,1000mm,S20C14-23-04-21,DN50 PN16,,V,
'42E81,LIRA,41901,物料XXX,30℃,0.1MPa,,L,S30408,V1101压力,,200mm,2000mm,1000mm,S20C14-23-04-19,,,V,
'42E0F,PIC,41907,物料XXX,30℃,0.2MPa,,L,S30408,V1101压力,,200mm,2000mm,1000mm,S20C14-23-04-19,,,V,
'42DEE,LIA,41405,物料XXX,30℃,0.1MPa,,L,S30408,V1101压力,,200mm,2000mm,1000mm,S20C14-23-04-14,,,V,
'42DD8,PIA,41414,物料XXX,30℃,0.1MPa,,L,S30408,V1101压力,,200mm,2000mm,1000mm,S20C14-23-04-14,,,V,
'42DA4,PG,41415,物料XXX,30℃,0.1MPa,,L,S30408,V1101液位,V1101,200mm,2000mm,1000mm,S20C14-23-04-14,DN50 PN16,,V,
'42D8E,LIA,41404,物料XXX,30℃,0.1MPa,,L,S30408,V1101压力,,200mm,2000mm,1000mm,S20C14-23-04-14,,,V,
'42D78,PIA,41413,物料XXX,30℃,0.1MPa,,L,S30408,V1101压力,,200mm,2000mm,1000mm,S20C14-23-04-14,,,V,
'42D18,PIA,41412,物料XXX,30℃,-0.09~0.2MPa,,L,S30408,V1101压力,,200mm,2000mm,1000mm,S20C14-23-04-14,,,V,
'42CD8,LIA,41403,物料XXX,30℃,0.1MPa,,L,S30408,V1101压力,,200mm,2000mm,1000mm,S20C14-23-04-14,,,V,
'42CBE,PIC,41301,物料XXX,30℃,0.1MPa,,L,S30408,V1101压力,,200mm,2000mm,1000mm,S20C14-23-04-13,,,V,
'42C8F,PIA,41110,物料XXX,30℃,-0.09~0.2MPa,,L,S30408,V1101压力,,200mm,2000mm,1000mm,S20C14-23-04-11,,,V,
'42C4F,LIA,41104,物料XXX,30℃,0.1MPa,,L,S30408,V1101压力,,200mm,2000mm,1000mm,S20C14-23-04-11,,,V,
'42C2C,PIA,41013,物料XXX,30℃,-0.09~0.2MPa,,L,S30408,V1101压力,,200mm,2000mm,1000mm,S20C14-23-04-10,,,V,
'42C14,PIC,40901,物料XXX,30℃,0.1MPa,,L,S30408,V1101压力,,200mm,2000mm,1000mm,S20C14-23-04-09,,,V,
'42BCF,XV,40618,物料XXX,30℃,0.1MPa,,L,S30408,V1101液位,V1101,200mm,2000mm,1000mm,S20C14-23-04-06,DN50 PN16,,V,
'42B54,XV,40827,物料XXX,30℃,0.1MPa,,L,S30408,V1101液位,V1101,200mm,2000mm,1000mm,S20C14-23-04-08,DN50 PN16,,V,
'42B40,XV,40826,物料XXX,30℃,0.1MPa,,L,S30408,V1101液位,V1101,200mm,2000mm,1000mm,S20C14-23-04-08,DN50 PN16,,V,
'42B2A,TV,40807,物料XXX,30℃,0.1MPa,,L,S30408,V1101液位,V1101,200mm,2000mm,1000mm,S20C14-23-04-08,DN50 PN16,,V,
'42B16,XV,40822,物料XXX,30℃,0.1MPa,,L,S30408,V1101液位,V1101,200mm,2000mm,1000mm,S20C14-23-04-08,DN50 PN16,,V,
'42ACC,PG,40814,物料XXX,30℃,0.1MPa,,L,S30408,V1101液位,V1101,200mm,2000mm,1000mm,S20C14-23-04-08,DN50 PN16,,V,
'42A96,XV,40823,物料XXX,30℃,0.1MPa,,L,S30408,V1101液位,V1101,200mm,2000mm,1000mm,S20C14-23-04-08,DN50 PN16,,V,
'42A7E,XV,40825,物料XXX,30℃,0.1MPa,,L,S30408,V1101液位,V1101,200mm,2000mm,1000mm,S20C14-23-04-08,DN50 PN16,,V,
'42A69,XV,40824,物料XXX,30℃,0.1MPa,,L,S30408,V1101液位,V1101,200mm,2000mm,1000mm,S20C14-23-04-08,DN50 PN16,,V,
'429F8,TIRA,40805,物料XXX,30℃,0.1MPa,,L,S30408,V1101压力,,200mm,2000mm,1000mm,S20C14-23-04-08,,,V,
'429E2,LIRA,40805,物料XXX,30℃,0.1MPa,,L,S30408,V1101压力,,200mm,2000mm,1000mm,S20C14-23-04-08,,,V,
'429B0,XV,40821,物料XXX,30℃,0.1MPa,,L,S30408,V1101液位,V1101,200mm,2000mm,1000mm,S20C14-23-04-08,DN50 PN16,,V,
'4299C,XV,40820,物料XXX,30℃,0.1MPa,,L,S30408,V1101液位,V1101,200mm,2000mm,1000mm,S20C14-23-04-08,DN50 PN16,,V,
'42986,TV,40806,物料XXX,30℃,0.1MPa,,L,S30408,V1101液位,V1101,200mm,2000mm,1000mm,S20C14-23-04-08,DN50 PN16,,V,
'42972,XV,40816,物料XXX,30℃,0.1MPa,,L,S30408,V1101液位,V1101,200mm,2000mm,1000mm,S20C14-23-04-08,DN50 PN16,,V,
'42928,PG,40813,物料XXX,30℃,0.1MPa,,L,S30408,V1101液位,V1101,200mm,2000mm,1000mm,S20C14-23-04-08,DN50 PN16,,V,
'428F2,XV,40817,物料XXX,30℃,0.1MPa,,L,S30408,V1101液位,V1101,200mm,2000mm,1000mm,S20C14-23-04-08,DN50 PN16,,V,
'428DA,XV,40819,物料XXX,30℃,0.1MPa,,L,S30408,V1101液位,V1101,200mm,2000mm,1000mm,S20C14-23-04-08,DN50 PN16,,V,
'428C5,XV,40818,物料XXX,30℃,0.1MPa,,L,S30408,V1101液位,V1101,200mm,2000mm,1000mm,S20C14-23-04-08,DN50 PN16,,V,
'42855,TIRA,40804,物料XXX,30℃,0.1MPa,,L,S30408,V1101压力,,200mm,2000mm,1000mm,S20C14-23-04-08,,,V,
'4283F,LIRA,40803,物料XXX,30℃,0.1MPa,,L,S30408,V1101压力,,200mm,2000mm,1000mm,S20C14-23-04-08,,,V,
'42810,PG,40807,物料XXX,30℃,0.1MPa,,L,S30408,V1101液位,V1101,200mm,2000mm,1000mm,S20C14-23-04-08,DN50 PN16,,V,
'427AA,PIC,40709,物料XXX,30℃,0.1MPa,,L,S30408,V1101压力,,200mm,2000mm,1000mm,S20C14-23-04-07,,,V,
'4276C,PG,40403,物料XXX,30℃,0.1MPa,,L,S30408,V1101液位,V1101,200mm,2000mm,1000mm,S20C14-23-04-04,DN50 PN16,,V,
'42722,PG,40203,物料XXX,30℃,0.1MPa,,L,S30408,V1101液位,V1101,200mm,2000mm,1000mm,S20C14-23-04-02,DN50 PN16,,V,
'426CE,XV,41908,物料XXX,30℃,0.1MPa,,L,S30408,V1101液位,V1101,200mm,2000mm,1000mm,S20C14-23-04-19,DN50 PN16,,V,
'426B7,XV,41504,物料XXX,30℃,0.1MPa,,L,S30408,V1101液位,V1101,200mm,2000mm,1000mm,S20C14-23-04-15,DN50 PN16,,V,
'426A0,XV,41304,物料XXX,30℃,0.1MPa,,L,S30408,V1101液位,V1101,200mm,2000mm,1000mm,S20C14-23-04-13,DN50 PN16,,V,
'42688,XV,40904,物料XXX,30℃,0.1MPa,,L,S30408,V1101液位,V1101,200mm,2000mm,1000mm,S20C14-23-04-09,DN50 PN16,,V,
'42670,TIA,42002,物料XXX,30℃,0.1MPa,,L,S30408,V1101压力,,200mm,2000mm,1000mm,S20C14-23-04-20,,,V,
'42659,TIA,42104,物料XXX,30℃,0.1MPa,,L,S30408,V1101压力,,200mm,2000mm,1000mm,S20C14-23-04-21,,,V,
'42644,PG,42109,物料XXX,30℃,0.1MPa,,L,S30408,V1101液位,V1101,200mm,2000mm,1000mm,S20C14-23-04-21,DN50 PN16,,V,
'4262F,PG,42108,物料XXX,30℃,0.1MPa,,L,S30408,V1101液位,V1101,200mm,2000mm,1000mm,S20C14-23-04-21,DN50 PN16,,V,
'425F8,TIA,42202,物料XXX,30℃,0.1MPa,,L,S30408,V1101压力,,200mm,2000mm,1000mm,S20C14-23-04-22,,,V,
'425E1,TIA,41602,物料XXX,30℃,0.1MPa,,L,S30408,V1101压力,,200mm,2000mm,1000mm,S20C14-23-04-16,,,V,
'425CA,TIA,41501,物料XXX,30℃,0.1MPa,,L,S30408,V1101压力,,200mm,2000mm,1000mm,S20C14-23-04-15,,,V,
'425B3,TIA,41402,物料XXX,30℃,0.1MPa,,L,S30408,V1101压力,,200mm,2000mm,1000mm,S20C14-23-04-14,,,V,
'4259C,TIA,41301,物料XXX,30℃,0.1MPa,,L,S30408,V1101压力,,200mm,2000mm,1000mm,S20C14-23-04-13,,,V,
'42585,TIA,41202,物料XXX,30℃,0.1MPa,,L,S30408,V1101压力,,200mm,2000mm,1000mm,S20C14-23-04-12,,,V,
'4256E,TIA,41102,物料XXX,30℃,0.1MPa,,L,S30408,V1101压力,,200mm,2000mm,1000mm,S20C14-23-04-11,,,V,
'42557,TIA,41002,物料XXX,30℃,0.1MPa,,L,S30408,V1101压力,,200mm,2000mm,1000mm,S20C14-23-04-10,,,V,
'42540,TIA,40901,物料XXX,30℃,0.1MPa,,L,S30408,V1101压力,,200mm,2000mm,1000mm,S20C14-23-04-09,,,V,
'4251E,TIA,41902,物料XXX,30℃,0.1MPa,,L,S30408,V1101压力,,200mm,2000mm,1000mm,S20C14-23-04-19,,,V,
'42509,PG,42007,物料XXX,30℃,0.1MPa,,L,S30408,V1101液位,V1101,200mm,2000mm,1000mm,S20C14-23-04-20,DN50 PN16,,V,
'424F4,PG,42006,物料XXX,30℃,0.1MPa,,L,S30408,V1101液位,V1101,200mm,2000mm,1000mm,S20C14-23-04-20,DN50 PN16,,V,
'424DF,PG,40506,物料XXX,30℃,0.1MPa,,L,S30408,V1101液位,V1101,200mm,2000mm,1000mm,S20C14-23-04-05,DN50 PN16,,V,
'424CA,PG,40406,物料XXX,30℃,0.1MPa,,L,S30408,V1101液位,V1101,200mm,2000mm,1000mm,S20C14-23-04-04,DN50 PN16,,V,
'424B5,PG,40305,物料XXX,30℃,0.1MPa,,L,S30408,V1101液位,V1101,200mm,2000mm,1000mm,S20C14-23-04-03,DN50 PN16,,V,
'424A0,PG,40206,物料XXX,30℃,0.1MPa,,L,S30408,V1101液位,V1101,200mm,2000mm,1000mm,S20C14-23-04-02,DN50 PN16,,V,
'42463,XV,42005,物料XXX,30℃,0.1MPa,,L,S30408,V1101液位,V1101,200mm,2000mm,1000mm,S20C14-23-04-20,DN50 PN16,,V,
'4244E,XV,42002,物料XXX,30℃,0.1MPa,,L,S30408,V1101液位,V1101,200mm,2000mm,1000mm,S20C14-23-04-20,DN50 PN16,,V,
'4242F,XV,42206,物料XXX,30℃,0.1MPa,,L,S30408,V1101液位,V1101,200mm,2000mm,1000mm,S20C14-23-04-22,DN50 PN16,,V,
'4241A,XV,42202,物料XXX,30℃,0.1MPa,,L,S30408,V1101液位,V1101,200mm,2000mm,1000mm,S20C14-23-04-22,DN50 PN16,,V,
'423FB,XV,41106,物料XXX,30℃,0.1MPa,,L,S30408,V1101液位,V1101,200mm,2000mm,1000mm,S20C14-23-04-11,DN50 PN16,,V,
'423E6,XV,41102,物料XXX,30℃,0.1MPa,,L,S30408,V1101液位,V1101,200mm,2000mm,1000mm,S20C14-23-04-11,DN50 PN16,,V,
'423C8,XV,41206,物料XXX,30℃,0.1MPa,,L,S30408,V1101液位,V1101,200mm,2000mm,1000mm,S20C14-23-04-12,DN50 PN16,,V,
'423B3,XV,41202,物料XXX,30℃,0.1MPa,,L,S30408,V1101液位,V1101,200mm,2000mm,1000mm,S20C14-23-04-12,DN50 PN16,,V,
'42395,XV,41405,物料XXX,30℃,0.1MPa,,L,S30408,V1101液位,V1101,200mm,2000mm,1000mm,S20C14-23-04-14,DN50 PN16,,V,
'42380,XV,41402,物料XXX,30℃,0.1MPa,,L,S30408,V1101液位,V1101,200mm,2000mm,1000mm,S20C14-23-04-14,DN50 PN16,,V,
'42362,XV,41606,物料XXX,30℃,0.1MPa,,L,S30408,V1101液位,V1101,200mm,2000mm,1000mm,S20C14-23-04-16,DN50 PN16,,V,
'4234D,XV,41602,物料XXX,30℃,0.1MPa,,L,S30408,V1101液位,V1101,200mm,2000mm,1000mm,S20C14-23-04-16,DN50 PN16,,V,
'4232E,XV,41005,物料XXX,30℃,0.1MPa,,L,S30408,V1101液位,V1101,200mm,2000mm,1000mm,S20C14-23-04-10,DN50 PN16,,V,
'42319,XV,41002,物料XXX,30℃,0.1MPa,,L,S30408,V1101液位,V1101,200mm,2000mm,1000mm,S20C14-23-04-10,DN50 PN16,,V,
'422FE,XV,40506,物料XXX,30℃,0.1MPa,,L,S30408,V1101液位,V1101,200mm,2000mm,1000mm,S20C14-23-04-05,DN50 PN16,,V,
'422E9,XV,40502,物料XXX,30℃,0.1MPa,,L,S30408,V1101液位,V1101,200mm,2000mm,1000mm,S20C14-23-04-05,DN50 PN16,,V,
'422D4,XV,40404,物料XXX,30℃,0.1MPa,,L,S30408,V1101液位,V1101,200mm,2000mm,1000mm,S20C14-23-04-04,DN50 PN16,,V,
'422BF,XV,40402,物料XXX,30℃,0.1MPa,,L,S30408,V1101液位,V1101,200mm,2000mm,1000mm,S20C14-23-04-04,DN50 PN16,,V,
'422AA,XV,40305,物料XXX,30℃,0.1MPa,,L,S30408,V1101液位,V1101,200mm,2000mm,1000mm,S20C14-23-04-03,DN50 PN16,,V,
'42295,XV,40302,物料XXX,30℃,0.1MPa,,L,S30408,V1101液位,V1101,200mm,2000mm,1000mm,S20C14-23-04-03,DN50 PN16,,V,
'42280,XV,40204,物料XXX,30℃,0.1MPa,,L,S30408,V1101液位,V1101,200mm,2000mm,1000mm,S20C14-23-04-02,DN50 PN16,,V,
'4226B,XV,40202,物料XXX,30℃,0.1MPa,,L,S30408,V1101液位,V1101,200mm,2000mm,1000mm,S20C14-23-04-02,DN50 PN16,,V,
'42256,XV,40105,物料XXX,30℃,0.1MPa,,L,S30408,V1101液位,V1101,200mm,2000mm,1000mm,S20C14-23-04-01,DN50 PN16,,V,
'42241,XV,40102,物料XXX,30℃,0.1MPa,,L,S30408,V1101液位,V1101,200mm,2000mm,1000mm,S20C14-23-04-01,DN50 PN16,,V,
'42201,XV,40406,物料XXX,30℃,0.1MPa,,L,S30408,V1101液位,V1101,200mm,2000mm,1000mm,S20C14-23-04-04,DN50 PN16,,V,
'421EB,XV,40504,物料XXX,30℃,0.1MPa,,L,S30408,V1101液位,V1101,200mm,2000mm,1000mm,S20C14-23-04-05,DN50 PN16,,V,
'421D4,XV,40306,物料XXX,30℃,0.1MPa,,L,S30408,V1101液位,V1101,200mm,2000mm,1000mm,S20C14-23-04-03,DN50 PN16,,V,
'421BE,XV,40206,物料XXX,30℃,0.1MPa,,L,S30408,V1101液位,V1101,200mm,2000mm,1000mm,S20C14-23-04-02,DN50 PN16,,V,
'4219F,PG,40104,物料XXX,30℃,0.1MPa,,L,S30408,V1101液位,V1101,200mm,2000mm,1000mm,S20C14-23-04-01,DN50 PN16,,V,
'42176,PG,40208,物料XXX,30℃,0.1MPa,,L,S30408,V1101液位,V1101,200mm,2000mm,1000mm,S20C14-23-04-02,DN50 PN16,,V,
'42162,PG,40207,物料XXX,30℃,0.1MPa,,L,S30408,V1101液位,V1101,200mm,2000mm,1000mm,S20C14-23-04-02,DN50 PN16,,V,
'4209F,PG,40307,物料XXX,30℃,0.1MPa,,L,S30408,V1101液位,V1101,200mm,2000mm,1000mm,S20C14-23-04-03,DN50 PN16,,V,
'4208A,PG,41911,物料XXX,30℃,0.1MPa,,L,S30408,V1101液位,V1101,200mm,2000mm,1000mm,S20C14-23-04-19,DN50 PN16,,V,
'42074,PG,42114,物料XXX,30℃,0.1MPa,,L,S30408,V1101液位,V1101,200mm,2000mm,1000mm,S20C14-23-04-21,DN50 PN16,,V,
'4205E,PG,41506,物料XXX,30℃,0.1MPa,,L,S30408,V1101液位,V1101,200mm,2000mm,1000mm,S20C14-23-04-15,DN50 PN16,,V,
'42048,PG,41307,物料XXX,30℃,0.1MPa,,L,S30408,V1101液位,V1101,200mm,2000mm,1000mm,S20C14-23-04-13,DN50 PN16,,V,
'42032,PG,40907,物料XXX,30℃,0.1MPa,,L,S30408,V1101液位,V1101,200mm,2000mm,1000mm,S20C14-23-04-09,DN50 PN16,,V,
'4201C,TG,42204,物料XXX,30℃,0.1MPa,,L,S30408,V1101液位,V1101,200mm,2000mm,1000mm,S20C14-23-04-22,DN50 PN16,,V,
'42007,TG,42004,物料XXX,30℃,0.1MPa,,L,S30408,V1101液位,V1101,200mm,2000mm,1000mm,S20C14-23-04-20,DN50 PN16,,V,
'41FF2,TG,41004,物料XXX,30℃,0.1MPa,,L,S30408,V1101液位,V1101,200mm,2000mm,1000mm,S20C14-23-04-10,DN50 PN16,,V,
'41FDD,TG,41204,物料XXX,30℃,0.1MPa,,L,S30408,V1101液位,V1101,200mm,2000mm,1000mm,S20C14-23-04-12,DN50 PN16,,V,
'41FC8,TG,41404,物料XXX,30℃,0.1MPa,,L,S30408,V1101液位,V1101,200mm,2000mm,1000mm,S20C14-23-04-14,DN50 PN16,,V,
'41FB3,TG,41604,物料XXX,30℃,0.1MPa,,L,S30408,V1101液位,V1101,200mm,2000mm,1000mm,S20C14-23-04-16,DN50 PN16,,V,
'41F9E,TG,40503,物料XXX,30℃,0.1MPa,,L,S30408,V1101液位,V1101,200mm,2000mm,1000mm,S20C14-23-04-05,DN50 PN16,,V,
'41F89,TG,40403,物料XXX,30℃,0.1MPa,,L,S30408,V1101液位,V1101,200mm,2000mm,1000mm,S20C14-23-04-04,DN50 PN16,,V,
'41F74,TG,40303,物料XXX,30℃,0.1MPa,,L,S30408,V1101液位,V1101,200mm,2000mm,1000mm,S20C14-23-04-03,DN50 PN16,,V,
'41F5F,TG,40203,物料XXX,30℃,0.1MPa,,L,S30408,V1101液位,V1101,200mm,2000mm,1000mm,S20C14-23-04-02,DN50 PN16,,V,
'41F4A,TG,40103,物料XXX,30℃,0.1MPa,,L,S30408,V1101液位,V1101,200mm,2000mm,1000mm,S20C14-23-04-01,DN50 PN16,,V,
'41F35,PG,41906,物料XXX,30℃,0.1MPa,,L,S30408,V1101液位,V1101,200mm,2000mm,1000mm,S20C14-23-04-19,DN50 PN16,,V,
'41F20,PG,41905,物料XXX,30℃,0.1MPa,,L,S30408,V1101液位,V1101,200mm,2000mm,1000mm,S20C14-23-04-19,DN50 PN16,,V,
'41F0B,PG,42004,物料XXX,30℃,0.1MPa,,L,S30408,V1101液位,V1101,200mm,2000mm,1000mm,S20C14-23-04-20,DN50 PN16,,V,
'41EF6,PG,42003,物料XXX,30℃,0.1MPa,,L,S30408,V1101液位,V1101,200mm,2000mm,1000mm,S20C14-23-04-20,DN50 PN16,,V,
'41EE1,PG,42204,物料XXX,30℃,0.1MPa,,L,S30408,V1101液位,V1101,200mm,2000mm,1000mm,S20C14-23-04-22,DN50 PN16,,V,
'41ECC,PG,42203,物料XXX,30℃,0.1MPa,,L,S30408,V1101液位,V1101,200mm,2000mm,1000mm,S20C14-23-04-22,DN50 PN16,,V,
'41EB7,PG,42210,物料XXX,30℃,0.1MPa,,L,S30408,V1101液位,V1101,200mm,2000mm,1000mm,S20C14-23-04-22,DN50 PN16,,V,
'41EA2,PG,42209,物料XXX,30℃,0.1MPa,,L,S30408,V1101液位,V1101,200mm,2000mm,1000mm,S20C14-23-04-22,DN50 PN16,,V,
'41E8D,PG,41610,物料XXX,30℃,0.1MPa,,L,S30408,V1101液位,V1101,200mm,2000mm,1000mm,S20C14-23-04-16,DN50 PN16,,V,
'41E78,PG,41609,物料XXX,30℃,0.1MPa,,L,S30408,V1101液位,V1101,200mm,2000mm,1000mm,S20C14-23-04-16,DN50 PN16,,V,
'41E63,PG,41604,物料XXX,30℃,0.1MPa,,L,S30408,V1101液位,V1101,200mm,2000mm,1000mm,S20C14-23-04-16,DN50 PN16,,V,
'41E4E,PG,41603,物料XXX,30℃,0.1MPa,,L,S30408,V1101液位,V1101,200mm,2000mm,1000mm,S20C14-23-04-16,DN50 PN16,,V,
'41E39,PG,41503,物料XXX,30℃,0.1MPa,,L,S30408,V1101液位,V1101,200mm,2000mm,1000mm,S20C14-23-04-15,DN50 PN16,,V,
'41E24,PG,41502,物料XXX,30℃,0.1MPa,,L,S30408,V1101液位,V1101,200mm,2000mm,1000mm,S20C14-23-04-15,DN50 PN16,,V,
'41E0F,PG,41410,物料XXX,30℃,0.1MPa,,L,S30408,V1101液位,V1101,200mm,2000mm,1000mm,S20C14-23-04-14,DN50 PN16,,V,
'41DFA,PG,41409,物料XXX,30℃,0.1MPa,,L,S30408,V1101液位,V1101,200mm,2000mm,1000mm,S20C14-23-04-14,DN50 PN16,,V,
'41DE5,PG,41404,物料XXX,30℃,0.1MPa,,L,S30408,V1101液位,V1101,200mm,2000mm,1000mm,S20C14-23-04-14,DN50 PN16,,V,
'41DD0,PG,41403,物料XXX,30℃,0.1MPa,,L,S30408,V1101液位,V1101,200mm,2000mm,1000mm,S20C14-23-04-14,DN50 PN16,,V,
'41DBB,PG,41303,物料XXX,30℃,0.1MPa,,L,S30408,V1101液位,V1101,200mm,2000mm,1000mm,S20C14-23-04-13,DN50 PN16,,V,
'41DA6,PG,41302,物料XXX,30℃,0.1MPa,,L,S30408,V1101液位,V1101,200mm,2000mm,1000mm,S20C14-23-04-13,DN50 PN16,,V,
'41D91,PG,41207,物料XXX,30℃,0.1MPa,,L,S30408,V1101液位,V1101,200mm,2000mm,1000mm,S20C14-23-04-12,DN50 PN16,,V,
'41D7C,PG,41206,物料XXX,30℃,0.1MPa,,L,S30408,V1101液位,V1101,200mm,2000mm,1000mm,S20C14-23-04-12,DN50 PN16,,V,
'41D67,PG,41204,物料XXX,30℃,0.1MPa,,L,S30408,V1101液位,V1101,200mm,2000mm,1000mm,S20C14-23-04-12,DN50 PN16,,V,
'41D52,PG,41203,物料XXX,30℃,0.1MPa,,L,S30408,V1101液位,V1101,200mm,2000mm,1000mm,S20C14-23-04-12,DN50 PN16,,V,
'41D3D,PG,41104,物料XXX,30℃,0.1MPa,,L,S30408,V1101液位,V1101,200mm,2000mm,1000mm,S20C14-23-04-11,DN50 PN16,,V,
'41D28,PG,41103,物料XXX,30℃,0.1MPa,,L,S30408,V1101液位,V1101,200mm,2000mm,1000mm,S20C14-23-04-11,DN50 PN16,,V,
'41D13,PG,41010,物料XXX,30℃,0.1MPa,,L,S30408,V1101液位,V1101,200mm,2000mm,1000mm,S20C14-23-04-10,DN50 PN16,,V,
'41CFE,PG,41009,物料XXX,30℃,0.1MPa,,L,S30408,V1101液位,V1101,200mm,2000mm,1000mm,S20C14-23-04-10,DN50 PN16,,V,
'41CE9,PG,41004,物料XXX,30℃,0.1MPa,,L,S30408,V1101液位,V1101,200mm,2000mm,1000mm,S20C14-23-04-10,DN50 PN16,,V,
'41CD4,PG,41003,物料XXX,30℃,0.1MPa,,L,S30408,V1101液位,V1101,200mm,2000mm,1000mm,S20C14-23-04-10,DN50 PN16,,V,
'41CBF,PG,40903,物料XXX,30℃,0.1MPa,,L,S30408,V1101液位,V1101,200mm,2000mm,1000mm,S20C14-23-04-09,DN50 PN16,,V,
'41CAA,PG,40902,物料XXX,30℃,0.1MPa,,L,S30408,V1101液位,V1101,200mm,2000mm,1000mm,S20C14-23-04-09,DN50 PN16,,V,
'41C95,PG,40812,物料XXX,30℃,0.1MPa,,L,S30408,V1101液位,V1101,200mm,2000mm,1000mm,S20C14-23-04-08,DN50 PN16,,V,
'41C80,PG,40713,物料XXX,30℃,0.1MPa,,L,S30408,V1101液位,V1101,200mm,2000mm,1000mm,S20C14-23-04-07,DN50 PN16,,V,
'41C6B,PG,40712,物料XXX,30℃,0.1MPa,,L,S30408,V1101液位,V1101,200mm,2000mm,1000mm,S20C14-23-04-07,DN50 PN16,,V,
'41C56,TG,40705,物料XXX,30℃,0.1MPa,,L,S30408,V1101液位,V1101,200mm,2000mm,1000mm,S20C14-23-04-07,DN50 PN16,,V,
'41C0E,FISA,41201,物料XXX,30℃,0.1MPa,,L,S30408,V1101压力,,200mm,2000mm,1000mm,S20C14-23-04-12,,,V,
'41B49,XV,40107,物料XXX,30℃,0.1MPa,,L,S30408,V1101液位,V1101,200mm,2000mm,1000mm,S20C14-23-04-01,DN50 PN16,,V,
'41B2A,XV,40304,物料XXX,30℃,0.1MPa,,L,S30408,V1101液位,V1101,200mm,2000mm,1000mm,S20C14-23-04-03,DN50 PN16,,V,
'41B09,TICSA,40301,物料XXX,30℃,0.1MPa,,L,S30408,V1101压力,,200mm,2000mm,1000mm,S20C14-23-04-03,,,V,
'41AF5,PG,40301,物料XXX,30℃,0.1MPa,,L,S30408,V1101液位,V1101,200mm,2000mm,1000mm,S20C14-23-04-03,DN50 PN16,,V,
'41AE1,TV,40302,物料XXX,30℃,0.1MPa,,L,S30408,V1101液位,V1101,200mm,2000mm,1000mm,S20C14-23-04-03,DN50 PN16,,V,
'41ACD,PG,40302,物料XXX,30℃,0.1MPa,,L,S30408,V1101液位,V1101,200mm,2000mm,1000mm,S20C14-23-04-03,DN50 PN16,,V,
'41AB9,TV,40301,物料XXX,30℃,0.1MPa,,L,S30408,V1101液位,V1101,200mm,2000mm,1000mm,S20C14-23-04-03,DN50 PN16,,V,
'41AA5,XV,40301,物料XXX,30℃,0.1MPa,,L,S30408,V1101液位,V1101,200mm,2000mm,1000mm,S20C14-23-04-03,DN50 PN16,,V,
'41A91,XV,40303,物料XXX,30℃,0.1MPa,,L,S30408,V1101液位,V1101,200mm,2000mm,1000mm,S20C14-23-04-03,DN50 PN16,,V,
'41A7D,PG,40303,物料XXX,30℃,0.1MPa,,L,S30408,V1101液位,V1101,200mm,2000mm,1000mm,S20C14-23-04-03,DN50 PN16,,V,
'41A69,PG,40407,物料XXX,30℃,0.1MPa,,L,S30408,V1101液位,V1101,200mm,2000mm,1000mm,S20C14-23-04-04,DN50 PN16,,V,
'41A55,XV,40405,物料XXX,30℃,0.1MPa,,L,S30408,V1101液位,V1101,200mm,2000mm,1000mm,S20C14-23-04-04,DN50 PN16,,V,
'41A3F,TICSA,40401,物料XXX,30℃,0.1MPa,,L,S30408,V1101压力,,200mm,2000mm,1000mm,S20C14-23-04-04,,,V,
'41A2B,PG,40401,物料XXX,30℃,0.1MPa,,L,S30408,V1101液位,V1101,200mm,2000mm,1000mm,S20C14-23-04-04,DN50 PN16,,V,
'41A17,TV,40402,物料XXX,30℃,0.1MPa,,L,S30408,V1101液位,V1101,200mm,2000mm,1000mm,S20C14-23-04-04,DN50 PN16,,V,
'41A03,XV,40403,物料XXX,30℃,0.1MPa,,L,S30408,V1101液位,V1101,200mm,2000mm,1000mm,S20C14-23-04-04,DN50 PN16,,V,
'419EF,PG,40402,物料XXX,30℃,0.1MPa,,L,S30408,V1101液位,V1101,200mm,2000mm,1000mm,S20C14-23-04-04,DN50 PN16,,V,
'419DB,TV,40401,物料XXX,30℃,0.1MPa,,L,S30408,V1101液位,V1101,200mm,2000mm,1000mm,S20C14-23-04-04,DN50 PN16,,V,
'419C7,XV,40401,物料XXX,30℃,0.1MPa,,L,S30408,V1101液位,V1101,200mm,2000mm,1000mm,S20C14-23-04-04,DN50 PN16,,V,
'419B3,XV,40503,物料XXX,30℃,0.1MPa,,L,S30408,V1101液位,V1101,200mm,2000mm,1000mm,S20C14-23-04-05,DN50 PN16,,V,
'4199F,PG,40503,物料XXX,30℃,0.1MPa,,L,S30408,V1101液位,V1101,200mm,2000mm,1000mm,S20C14-23-04-05,DN50 PN16,,V,
'41989,TICSA,40501,物料XXX,30℃,0.1MPa,,L,S30408,V1101压力,,200mm,2000mm,1000mm,S20C14-23-04-05,,,V,
'41975,PG,40501,物料XXX,30℃,0.1MPa,,L,S30408,V1101液位,V1101,200mm,2000mm,1000mm,S20C14-23-04-05,DN50 PN16,,V,
'41961,TV,40502,物料XXX,30℃,0.1MPa,,L,S30408,V1101液位,V1101,200mm,2000mm,1000mm,S20C14-23-04-05,DN50 PN16,,V,
'4194D,XV,40505,物料XXX,30℃,0.1MPa,,L,S30408,V1101液位,V1101,200mm,2000mm,1000mm,S20C14-23-04-05,DN50 PN16,,V,
'41939,PG,40502,物料XXX,30℃,0.1MPa,,L,S30408,V1101液位,V1101,200mm,2000mm,1000mm,S20C14-23-04-05,DN50 PN16,,V,
'41925,TV,40501,物料XXX,30℃,0.1MPa,,L,S30408,V1101液位,V1101,200mm,2000mm,1000mm,S20C14-23-04-05,DN50 PN16,,V,
'41911,XV,40501,物料XXX,30℃,0.1MPa,,L,S30408,V1101液位,V1101,200mm,2000mm,1000mm,S20C14-23-04-05,DN50 PN16,,V,
'418FD,TG,40504,物料XXX,30℃,0.1MPa,,L,S30408,V1101液位,V1101,200mm,2000mm,1000mm,S20C14-23-04-05,DN50 PN16,,V,
'418E9,PG,40505,物料XXX,30℃,0.1MPa,,L,S30408,V1101液位,V1101,200mm,2000mm,1000mm,S20C14-23-04-05,DN50 PN16,,V,
'418D3,PISA,40504,物料XXX,30℃,0.1MPa,,L,S30408,V1101压力,,200mm,2000mm,1000mm,S20C14-23-04-05,,,V,
'418BD,TISA,40502,物料XXX,30℃,0.1MPa,,L,S30408,V1101压力,,200mm,2000mm,1000mm,S20C14-23-04-05,,,V,
'418A7,PISA,40404,物料XXX,30℃,0.1MPa,,L,S30408,V1101压力,,200mm,2000mm,1000mm,S20C14-23-04-04,,,V,
'41891,TISA,40402,物料XXX,30℃,0.1MPa,,L,S30408,V1101压力,,200mm,2000mm,1000mm,S20C14-23-04-04,,,V,
'4187B,PISA,40304,物料XXX,30℃,0.1MPa,,L,S30408,V1101压力,,200mm,2000mm,1000mm,S20C14-23-04-03,,,V,
'41865,TISA,40302,物料XXX,30℃,0.1MPa,,L,S30408,V1101压力,,200mm,2000mm,1000mm,S20C14-23-04-03,,,V,
'4184F,LIA,40202,物料XXX,30℃,0.1MPa,,L,S30408,V1101压力,,200mm,2000mm,1000mm,S20C14-23-04-02,,,V,
'41839,LIA,40203,物料XXX,30℃,0.1MPa,,L,S30408,V1101压力,,200mm,2000mm,1000mm,S20C14-23-04-02,,,V,
'41823,LIA,40306,物料XXX,30℃,0.1MPa,,L,S30408,V1101压力,,200mm,2000mm,1000mm,S20C14-23-04-03,,,V,
'4180D,PIA,40306,物料XXX,30℃,0.1MPa,,L,S30408,V1101压力,,200mm,2000mm,1000mm,S20C14-23-04-03,,,V,
'417F7,LIA,40307,物料XXX,30℃,0.1MPa,,L,S30408,V1101压力,,200mm,2000mm,1000mm,S20C14-23-04-03,,,V,
'417E1,PIA,40308,物料XXX,30℃,0.1MPa,,L,S30408,V1101压力,,200mm,2000mm,1000mm,S20C14-23-04-03,,,V,
'417CB,LIA,40402,物料XXX,30℃,0.1MPa,,L,S30408,V1101压力,,200mm,2000mm,1000mm,S20C14-23-04-04,,,V,
'417B5,PIA,40405,物料XXX,30℃,0.1MPa,,L,S30408,V1101压力,,200mm,2000mm,1000mm,S20C14-23-04-04,,,V,
'4179F,TIA,40404,物料XXX,30℃,0.1MPa,,L,S30408,V1101压力,,200mm,2000mm,1000mm,S20C14-23-04-04,,,V,
'41789,LIA,40403,物料XXX,30℃,0.1MPa,,L,S30408,V1101压力,,200mm,2000mm,1000mm,S20C14-23-04-04,,,V,
'41773,PIA,40408,物料XXX,30℃,0.1MPa,,L,S30408,V1101压力,,200mm,2000mm,1000mm,S20C14-23-04-04,,,V,
'4175D,TIA,40405,物料XXX,30℃,0.1MPa,,L,S30408,V1101压力,,200mm,2000mm,1000mm,S20C14-23-04-04,,,V,
'41747,LIA,40502,物料XXX,30℃,0.1MPa,,L,S30408,V1101压力,,200mm,2000mm,1000mm,S20C14-23-04-05,,,V,
'41731,PIA,40507,物料XXX,30℃,0.1MPa,,L,S30408,V1101压力,,200mm,2000mm,1000mm,S20C14-23-04-05,,,V,
'4171B,LIA,40503,物料XXX,30℃,0.1MPa,,L,S30408,V1101压力,,200mm,2000mm,1000mm,S20C14-23-04-05,,,V,
'416D9,LIA,40204,物料XXX,30℃,0.1MPa,,L,S30408,V1101压力,,200mm,2000mm,1000mm,S20C14-23-04-02,,,V,
'416C3,PIA,40209,物料XXX,30℃,0.1MPa,,L,S30408,V1101压力,,200mm,2000mm,1000mm,S20C14-23-04-02,,,V,
'416AD,PISA,40204,物料XXX,30℃,0.1MPa,,L,S30408,V1101压力,,200mm,2000mm,1000mm,S20C14-23-04-02,,,V,
'41697,TISA,40202,物料XXX,30℃,0.1MPa,,L,S30408,V1101压力,,200mm,2000mm,1000mm,S20C14-23-04-02,,,V,
'41683,XV,40205,物料XXX,30℃,0.1MPa,,L,S30408,V1101液位,V1101,200mm,2000mm,1000mm,S20C14-23-04-02,DN50 PN16,,V,
'4166D,TICSA,40201,物料XXX,30℃,0.1MPa,,L,S30408,V1101压力,,200mm,2000mm,1000mm,S20C14-23-04-02,,,V,
'41659,PG,40201,物料XXX,30℃,0.1MPa,,L,S30408,V1101液位,V1101,200mm,2000mm,1000mm,S20C14-23-04-02,DN50 PN16,,V,
'41645,TV,40202,物料XXX,30℃,0.1MPa,,L,S30408,V1101液位,V1101,200mm,2000mm,1000mm,S20C14-23-04-02,DN50 PN16,,V,
'41631,XV,40203,物料XXX,30℃,0.1MPa,,L,S30408,V1101液位,V1101,200mm,2000mm,1000mm,S20C14-23-04-02,DN50 PN16,,V,
'4161D,PG,40202,物料XXX,30℃,0.1MPa,,L,S30408,V1101液位,V1101,200mm,2000mm,1000mm,S20C14-23-04-02,DN50 PN16,,V,
'41609,TV,40201,物料XXX,30℃,0.1MPa,,L,S30408,V1101液位,V1101,200mm,2000mm,1000mm,S20C14-23-04-02,DN50 PN16,,V,
'415F5,XV,40201,物料XXX,30℃,0.1MPa,,L,S30408,V1101液位,V1101,200mm,2000mm,1000mm,S20C14-23-04-02,DN50 PN16,,V,
'415B1,PG,42206,物料XXX,30℃,0.1MPa,,L,S30408,V1101液位,V1101,200mm,2000mm,1000mm,S20C14-23-04-22,DN50 PN16,,V,
'41559,XV,42204,物料XXX,30℃,0.1MPa,,L,S30408,V1101液位,V1101,200mm,2000mm,1000mm,S20C14-23-04-22,DN50 PN16,,V,
'41517,PIA,42104,物料XXX,30℃,0.1MPa,,L,S30408,V1101压力,,200mm,2000mm,1000mm,S20C14-23-04-21,,,V,
'414A8,PG,42113,物料XXX,30℃,0.1MPa,,L,S30408,V1101液位,V1101,200mm,2000mm,1000mm,S20C14-23-04-21,DN50 PN16,,V,
'41470,PG,42115,物料XXX,30℃,0.1MPa,,L,S30408,V1101液位,V1101,200mm,2000mm,1000mm,S20C14-23-04-21,DN50 PN16,,V,
'41405,PG,42112,物料XXX,30℃,0.1MPa,,L,S30408,V1101液位,V1101,200mm,2000mm,1000mm,S20C14-23-04-21,DN50 PN16,,V,
'4137D,XV,42110,物料XXX,30℃,0.1MPa,,L,S30408,V1101液位,V1101,200mm,2000mm,1000mm,S20C14-23-04-21,DN50 PN16,,V,
'412F5,PG,42107,物料XXX,30℃,0.1MPa,,L,S30408,V1101液位,V1101,200mm,2000mm,1000mm,S20C14-23-04-21,DN50 PN16,,V,
'412CE,LIRA,42102,物料XXX,30℃,0.1MPa,,L,S30408,V1101压力,,200mm,2000mm,1000mm,S20C14-23-04-21,,,V,
'412B9,XV,42106,物料XXX,30℃,0.1MPa,,L,S30408,V1101液位,V1101,200mm,2000mm,1000mm,S20C14-23-04-21,DN50 PN16,,V,
'41246,LIA,42205,物料XXX,30℃,0.1MPa,,L,S30408,V1101压力,,200mm,2000mm,1000mm,S20C14-23-04-22,,,V,
'41230,PIA,42214,物料XXX,30℃,0.1MPa,,L,S30408,V1101压力,,200mm,2000mm,1000mm,S20C14-23-04-22,,,V,
'41135,PG,42215,物料XXX,30℃,0.1MPa,,L,S30408,V1101液位,V1101,200mm,2000mm,1000mm,S20C14-23-04-22,DN50 PN16,,V,
'41121,XV,42207,物料XXX,30℃,0.1MPa,,L,S30408,V1101液位,V1101,200mm,2000mm,1000mm,S20C14-23-04-22,DN50 PN16,,V,
'4110B,PISA,42205,物料XXX,30℃,0.1MPa,,L,S30408,V1101压力,,200mm,2000mm,1000mm,S20C14-23-04-22,,,V,
'410F5,TISA,42203,物料XXX,30℃,0.1MPa,,L,S30408,V1101压力,,200mm,2000mm,1000mm,S20C14-23-04-22,,,V,
'410DF,TICSA,42201,物料XXX,30℃,0.1MPa,,L,S30408,V1101压力,,200mm,2000mm,1000mm,S20C14-23-04-22,,,V,
'410CB,PG,42201,物料XXX,30℃,0.1MPa,,L,S30408,V1101液位,V1101,200mm,2000mm,1000mm,S20C14-23-04-22,DN50 PN16,,V,
'410B7,TV,42202,物料XXX,30℃,0.1MPa,,L,S30408,V1101液位,V1101,200mm,2000mm,1000mm,S20C14-23-04-22,DN50 PN16,,V,
'410A3,XV,42205,物料XXX,30℃,0.1MPa,,L,S30408,V1101液位,V1101,200mm,2000mm,1000mm,S20C14-23-04-22,DN50 PN16,,V,
'4108F,PG,42202,物料XXX,30℃,0.1MPa,,L,S30408,V1101液位,V1101,200mm,2000mm,1000mm,S20C14-23-04-22,DN50 PN16,,V,
'4107B,TV,42201,物料XXX,30℃,0.1MPa,,L,S30408,V1101液位,V1101,200mm,2000mm,1000mm,S20C14-23-04-22,DN50 PN16,,V,
'41067,XV,42201,物料XXX,30℃,0.1MPa,,L,S30408,V1101液位,V1101,200mm,2000mm,1000mm,S20C14-23-04-22,DN50 PN16,,V,
'41053,XV,42203,物料XXX,30℃,0.1MPa,,L,S30408,V1101液位,V1101,200mm,2000mm,1000mm,S20C14-23-04-22,DN50 PN16,,V,
'40F57,TIC,42105,物料XXX,30℃,0.1MPa,,L,S30408,V1101压力,,200mm,2000mm,1000mm,S20C14-23-04-21,,,V,
'40F11,XV,42113,物料XXX,30℃,0.1MPa,,L,S30408,V1101液位,V1101,200mm,2000mm,1000mm,S20C14-23-04-21,DN50 PN16,,V,
'40EF8,XV,42112,物料XXX,30℃,0.1MPa,,L,S30408,V1101液位,V1101,200mm,2000mm,1000mm,S20C14-23-04-21,DN50 PN16,,V,
'40ECD,TV,42103,物料XXX,30℃,0.1MPa,,L,S30408,V1101液位,V1101,200mm,2000mm,1000mm,S20C14-23-04-21,DN50 PN16,,V,
'40EB7,XV,42111,物料XXX,30℃,0.1MPa,,L,S30408,V1101液位,V1101,200mm,2000mm,1000mm,S20C14-23-04-21,DN50 PN16,,V,
'40E9D,XV,42107,物料XXX,30℃,0.1MPa,,L,S30408,V1101液位,V1101,200mm,2000mm,1000mm,S20C14-23-04-21,DN50 PN16,,V,
'40E7C,XV,42109,物料XXX,30℃,0.1MPa,,L,S30408,V1101液位,V1101,200mm,2000mm,1000mm,S20C14-23-04-21,DN50 PN16,,V,
'40E67,XV,42108,物料XXX,30℃,0.1MPa,,L,S30408,V1101液位,V1101,200mm,2000mm,1000mm,S20C14-23-04-21,DN50 PN16,,V,
'40E4F,PG,42111,物料XXX,30℃,0.1MPa,,L,S30408,V1101液位,V1101,200mm,2000mm,1000mm,S20C14-23-04-21,DN50 PN16,,V,
'40DB0,PG,41903,物料XXX,30℃,0.1MPa,,L,S30408,V1101液位,V1101,200mm,2000mm,1000mm,S20C14-23-04-19,DN50 PN16,,V,
'40D63,PG,41910,物料XXX,30℃,0.1MPa,,L,S30408,V1101液位,V1101,200mm,2000mm,1000mm,S20C14-23-04-19,DN50 PN16,,V,
'40D20,PG,41912,物料XXX,30℃,0.1MPa,,L,S30408,V1101液位,V1101,200mm,2000mm,1000mm,S20C14-23-04-19,DN50 PN16,,V,
'40CB8,PG,41909,物料XXX,30℃,0.1MPa,,L,S30408,V1101液位,V1101,200mm,2000mm,1000mm,S20C14-23-04-19,DN50 PN16,,V,
'40BE7,XV,41912,物料XXX,30℃,0.1MPa,,L,S30408,V1101液位,V1101,200mm,2000mm,1000mm,S20C14-23-04-19,DN50 PN16,,V,
'40B64,PG,41904,物料XXX,30℃,0.1MPa,,L,S30408,V1101液位,V1101,200mm,2000mm,1000mm,S20C14-23-04-19,DN50 PN16,,V,
'40B3B,PIC,41901,物料XXX,30℃,0.1MPa,,L,S30408,V1101压力,,200mm,2000mm,1000mm,S20C14-23-04-19,,,V,
'40B25,TIC,41901,物料XXX,30℃,0.1MPa,,L,S30408,V1101压力,,200mm,2000mm,1000mm,S20C14-23-04-19,,,V,
'40B0A,XV,41904,物料XXX,30℃,0.1MPa,,L,S30408,V1101液位,V1101,200mm,2000mm,1000mm,S20C14-23-04-19,DN50 PN16,,V,
'40ACE,XV,41907,物料XXX,30℃,0.1MPa,,L,S30408,V1101液位,V1101,200mm,2000mm,1000mm,S20C14-23-04-19,DN50 PN16,,V,
'40AB5,XV,41906,物料XXX,30℃,0.1MPa,,L,S30408,V1101液位,V1101,200mm,2000mm,1000mm,S20C14-23-04-19,DN50 PN16,,V,
'40A8A,TV,41901,物料XXX,30℃,0.1MPa,,L,S30408,V1101液位,V1101,200mm,2000mm,1000mm,S20C14-23-04-19,DN50 PN16,,V,
'40A74,XV,41905,物料XXX,30℃,0.1MPa,,L,S30408,V1101液位,V1101,200mm,2000mm,1000mm,S20C14-23-04-19,DN50 PN16,,V,
'40A5A,XV,41901,物料XXX,30℃,0.1MPa,,L,S30408,V1101液位,V1101,200mm,2000mm,1000mm,S20C14-23-04-19,DN50 PN16,,V,
'40A39,XV,41903,物料XXX,30℃,0.1MPa,,L,S30408,V1101液位,V1101,200mm,2000mm,1000mm,S20C14-23-04-19,DN50 PN16,,V,
'40A24,XV,41902,物料XXX,30℃,0.1MPa,,L,S30408,V1101液位,V1101,200mm,2000mm,1000mm,S20C14-23-04-19,DN50 PN16,,V,
'40A0C,PG,41902,物料XXX,30℃,0.1MPa,,L,S30408,V1101液位,V1101,200mm,2000mm,1000mm,S20C14-23-04-19,DN50 PN16,,V,
'4096C,PG,40106,物料XXX,30℃,0.1MPa,,L,S30408,V1101液位,V1101,200mm,2000mm,1000mm,S20C14-23-04-01,DN50 PN16,,V,
'40958,XV,40108,醋酐、三乙胺,0~100℃,-0.09~0.2MPa,,L,S30408,V1101液位,V1101,200mm,2000mm,1000mm,S20C14-23-04-01,DN50 PN16,,V,
'40942,LIA,40102,物料XXX,30℃,0.1MPa,,L,S30408,V1101压力,,200mm,2000mm,1000mm,S20C14-23-04-01,,,V,
'4092C,PIA,40105,物料XXX,30℃,0.1MPa,,L,S30408,V1101压力,,200mm,2000mm,1000mm,S20C14-23-04-01,,,V,
'40916,LSA,40101,醋酐、三乙胺,0~100℃,-0.09~0.2MPa,,L,S30408,V1101压力,R23101,200mm,2000mm,1000mm,S20C14-23-04-01,,,V,
'40900,PISA,40103,醋酐、三乙胺,0~100℃,-0.09~0.2MPa,,L,S30408,V1101压力,R23101,200mm,2000mm,1000mm,S20C14-23-04-01,,,V,
'408EA,TISA,40102,醋酐、三乙胺,0~100℃,-0.09~0.2MPa,,L,S30408,V1101压力,R23101,200mm,2000mm,1000mm,S20C14-23-04-01,,,V,
'408D4,TICSA,40101,物料XXX,30℃,0.1MPa,,L,S30408,V1101压力,,200mm,2000mm,1000mm,S20C14-23-04-01,,,V,
'408C0,PG,40101,物料XXX,30℃,0.1MPa,,L,S30408,V1101液位,V1101,200mm,2000mm,1000mm,S20C14-23-04-01,DN50 PN16,,V,
'408AC,XV,40106,物料XXX,30℃,0.1MPa,,L,S30408,V1101液位,V1101,200mm,2000mm,1000mm,S20C14-23-04-01,DN50 PN16,,V,
'40898,XV,40104,物料XXX,30℃,0.1MPa,,L,S30408,V1101液位,V1101,200mm,2000mm,1000mm,S20C14-23-04-01,DN50 PN16,,V,
'40884,PG,40102,物料XXX,30℃,0.1MPa,,L,S30408,V1101液位,V1101,200mm,2000mm,1000mm,S20C14-23-04-01,DN50 PN16,,V,
'40870,TV,40101,物料XXX,30℃,0.1MPa,,L,S30408,V1101液位,V1101,200mm,2000mm,1000mm,S20C14-23-04-01,DN50 PN16,,V,
'4085C,XV,40101,物料XXX,30℃,0.1MPa,,L,S30408,V1101液位,V1101,200mm,2000mm,1000mm,S20C14-23-04-01,DN50 PN16,,V,
'40848,XV,40103,物料XXX,30℃,0.1MPa,,L,S30408,V1101液位,V1101,200mm,2000mm,1000mm,S20C14-23-04-01,DN50 PN16,,V,
'3FF8C,LIA,42002,物料XXX,30℃,0.1MPa,,L,S30408,V1101压力,,200mm,2000mm,1000mm,S20C14-23-04-20,,,V,
'3FF76,PIA,42008,物料XXX,30℃,0.1MPa,,L,S30408,V1101压力,,200mm,2000mm,1000mm,S20C14-23-04-20,,,V,
'3FE82,PG,42009,物料XXX,30℃,0.1MPa,,L,S30408,V1101液位,V1101,200mm,2000mm,1000mm,S20C14-23-04-20,DN50 PN16,,V,
'3FE6E,XV,42006,物料XXX,30℃,0.1MPa,,L,S30408,V1101液位,V1101,200mm,2000mm,1000mm,S20C14-23-04-20,DN50 PN16,,V,
'3FE58,PISA,42005,物料XXX,30℃,0.1MPa,,L,S30408,V1101压力,,200mm,2000mm,1000mm,S20C14-23-04-20,,,V,
'3FE42,TISA,42003,物料XXX,30℃,0.1MPa,,L,S30408,V1101压力,,200mm,2000mm,1000mm,S20C14-23-04-20,,,V,
'3FE2C,TICSA,42001,物料XXX,30℃,0.1MPa,,L,S30408,V1101压力,,200mm,2000mm,1000mm,S20C14-23-04-20,,,V,
'3FE18,PG,42001,物料XXX,30℃,0.1MPa,,L,S30408,V1101液位,V1101,200mm,2000mm,1000mm,S20C14-23-04-20,DN50 PN16,,V,
'3FE04,TV,42002,物料XXX,30℃,0.1MPa,,L,S30408,V1101液位,V1101,200mm,2000mm,1000mm,S20C14-23-04-20,DN50 PN16,,V,
'3FDF0,XV,42004,物料XXX,30℃,0.1MPa,,L,S30408,V1101液位,V1101,200mm,2000mm,1000mm,S20C14-23-04-20,DN50 PN16,,V,
'3FDDC,PG,42002,物料XXX,30℃,0.1MPa,,L,S30408,V1101液位,V1101,200mm,2000mm,1000mm,S20C14-23-04-20,DN50 PN16,,V,
'3FDC8,TV,42001,物料XXX,30℃,0.1MPa,,L,S30408,V1101液位,V1101,200mm,2000mm,1000mm,S20C14-23-04-20,DN50 PN16,,V,
'3FDB4,XV,42001,物料XXX,30℃,0.1MPa,,L,S30408,V1101液位,V1101,200mm,2000mm,1000mm,S20C14-23-04-20,DN50 PN16,,V,
'3FDA0,XV,42003,物料XXX,30℃,0.1MPa,,L,S30408,V1101液位,V1101,200mm,2000mm,1000mm,S20C14-23-04-20,DN50 PN16,,V,
'3FCAB,TIC,41903,物料XXX,30℃,0.1MPa,,L,S30408,V1101压力,,200mm,2000mm,1000mm,S20C14-23-04-19,,,V,
'3FC68,XV,41915,物料XXX,30℃,0.1MPa,,L,S30408,V1101液位,V1101,200mm,2000mm,1000mm,S20C14-23-04-19,DN50 PN16,,V,
'3FC4F,XV,41914,物料XXX,30℃,0.1MPa,,L,S30408,V1101液位,V1101,200mm,2000mm,1000mm,S20C14-23-04-19,DN50 PN16,,V,
'3FC24,TV,41902,物料XXX,30℃,0.1MPa,,L,S30408,V1101液位,V1101,200mm,2000mm,1000mm,S20C14-23-04-19,DN50 PN16,,V,
'3FC0E,XV,41913,物料XXX,30℃,0.1MPa,,L,S30408,V1101液位,V1101,200mm,2000mm,1000mm,S20C14-23-04-19,DN50 PN16,,V,
'3FBF4,XV,41909,物料XXX,30℃,0.1MPa,,L,S30408,V1101液位,V1101,200mm,2000mm,1000mm,S20C14-23-04-19,DN50 PN16,,V,
'3FBD3,XV,41911,物料XXX,30℃,0.1MPa,,L,S30408,V1101液位,V1101,200mm,2000mm,1000mm,S20C14-23-04-19,DN50 PN16,,V,
'3FBBE,XV,41910,物料XXX,30℃,0.1MPa,,L,S30408,V1101液位,V1101,200mm,2000mm,1000mm,S20C14-23-04-19,DN50 PN16,,V,
'3FBA6,PG,41908,物料XXX,30℃,0.1MPa,,L,S30408,V1101液位,V1101,200mm,2000mm,1000mm,S20C14-23-04-19,DN50 PN16,,V,
'3FAE7,PG,50209,物料XXX,30℃,0.1MPa,,L,S30408,V1101液位,V1101,200mm,2000mm,1000mm,S20C14-23-05-02,DN50 PN16,,V,
'3FAAE,PG,50208,物料XXX,30℃,0.1MPa,,L,S30408,V1101液位,V1101,200mm,2000mm,1000mm,S20C14-23-05-02,DN50 PN16,,V,
'3FA7B,PG,50207,物料XXX,30℃,0.1MPa,,L,S30408,V1101液位,V1101,200mm,2000mm,1000mm,S20C14-23-05-02,DN50 PN16,,V,
'3FA0C,PG,50206,物料XXX,30℃,0.1MPa,,L,S30408,V1101液位,V1101,200mm,2000mm,1000mm,S20C14-23-05-02,DN50 PN16,,V,
'3F9D3,PG,50205,物料XXX,30℃,0.1MPa,,L,S30408,V1101液位,V1101,200mm,2000mm,1000mm,S20C14-23-05-02,DN50 PN16,,V,
'3F9A0,PG,50204,物料XXX,30℃,0.1MPa,,L,S30408,V1101液位,V1101,200mm,2000mm,1000mm,S20C14-23-05-02,DN50 PN16,,V,
'3F931,PG,50203,物料XXX,30℃,0.1MPa,,L,S30408,V1101液位,V1101,200mm,2000mm,1000mm,S20C14-23-05-02,DN50 PN16,,V,
'3F8F8,PG,50202,物料XXX,30℃,0.1MPa,,L,S30408,V1101液位,V1101,200mm,2000mm,1000mm,S20C14-23-05-02,DN50 PN16,,V,
'3F8C5,PG,50201,物料XXX,30℃,0.1MPa,,L,S30408,V1101液位,V1101,200mm,2000mm,1000mm,S20C14-23-05-02,DN50 PN16,,V,
'3F834,PG,41308,物料XXX,30℃,0.1MPa,,L,S30408,V1101液位,V1101,200mm,2000mm,1000mm,S20C14-23-04-13,DN50 PN16,,V,
'3F81F,PG,41507,物料XXX,30℃,0.1MPa,,L,S30408,V1101液位,V1101,200mm,2000mm,1000mm,S20C14-23-04-15,DN50 PN16,,V,
'3F80A,LG,41101,物料XXX,30℃,0.1MPa,,L,S30408,V1101液位,V1101,200mm,2000mm,1000mm,S20C14-23-04-11,DN50 PN16,,V,
'3F7EF,LISA,41601,物料XXX,30℃,0.1MPa,,L,S30408,V1101压力,,200mm,2000mm,1000mm,S20C14-23-04-16,,,V,
'3F7DA,XV,41603,物料XXX,30℃,0.1MPa,,L,S30408,V1101液位,V1101,200mm,2000mm,1000mm,S20C14-23-04-16,DN50 PN16,,V,
'3F7A8,LISA,41201,物料XXX,30℃,0.1MPa,,L,S30408,V1101压力,,200mm,2000mm,1000mm,S20C14-23-04-12,,,V,
'3F793,XV,41203,物料XXX,30℃,0.1MPa,,L,S30408,V1101液位,V1101,200mm,2000mm,1000mm,S20C14-23-04-12,DN50 PN16,,V,
'3F76D,LIA,41603,物料XXX,30℃,0.1MPa,,L,S30408,V1101压力,,200mm,2000mm,1000mm,S20C14-23-04-16,,,V,
'3F736,PG,41606,物料XXX,30℃,0.1MPa,,L,S30408,V1101液位,V1101,200mm,2000mm,1000mm,S20C14-23-04-16,DN50 PN16,,V,
'3F6EC,LIA,41604,物料XXX,30℃,0.1MPa,,L,S30408,V1101压力,,200mm,2000mm,1000mm,S20C14-23-04-16,,,V,
'3F6D6,PIA,41611,物料XXX,30℃,0.1MPa,,L,S30408,V1101压力,,200mm,2000mm,1000mm,S20C14-23-04-16,,,V,
'3F602,PG,41612,物料XXX,30℃,0.1MPa,,L,S30408,V1101液位,V1101,200mm,2000mm,1000mm,S20C14-23-04-16,DN50 PN16,,V,
'3F5EE,XV,41609,物料XXX,30℃,0.1MPa,,L,S30408,V1101液位,V1101,200mm,2000mm,1000mm,S20C14-23-04-16,DN50 PN16,,V,
'3F5D8,PISA,41605,物料XXX,30℃,0.1MPa,,L,S30408,V1101压力,,200mm,2000mm,1000mm,S20C14-23-04-16,,,V,
'3F5C2,TISA,41603,物料XXX,30℃,0.1MPa,,L,S30408,V1101压力,,200mm,2000mm,1000mm,S20C14-23-04-16,,,V,
'3F5AC,TICSA,41601,物料XXX,30℃,0.1MPa,,L,S30408,V1101压力,,200mm,2000mm,1000mm,S20C14-23-04-16,,,V,
'3F598,PG,41601,物料XXX,30℃,0.1MPa,,L,S30408,V1101液位,V1101,200mm,2000mm,1000mm,S20C14-23-04-16,DN50 PN16,,V,
'3F584,TV,41602,物料XXX,30℃,0.1MPa,,L,S30408,V1101液位,V1101,200mm,2000mm,1000mm,S20C14-23-04-16,DN50 PN16,,V,
'3F570,XV,41605,物料XXX,30℃,0.1MPa,,L,S30408,V1101液位,V1101,200mm,2000mm,1000mm,S20C14-23-04-16,DN50 PN16,,V,
'3F55C,PG,41602,物料XXX,30℃,0.1MPa,,L,S30408,V1101液位,V1101,200mm,2000mm,1000mm,S20C14-23-04-16,DN50 PN16,,V,
'3F548,TV,41601,物料XXX,30℃,0.1MPa,,L,S30408,V1101液位,V1101,200mm,2000mm,1000mm,S20C14-23-04-16,DN50 PN16,,V,
'3F534,XV,41601,物料XXX,30℃,0.1MPa,,L,S30408,V1101液位,V1101,200mm,2000mm,1000mm,S20C14-23-04-16,DN50 PN16,,V,
'3F520,XV,41604,物料XXX,30℃,0.1MPa,,L,S30408,V1101液位,V1101,200mm,2000mm,1000mm,S20C14-23-04-16,DN50 PN16,,V,
'3F383,PG,41505,物料XXX,30℃,0.1MPa,,L,S30408,V1101液位,V1101,200mm,2000mm,1000mm,S20C14-23-04-15,DN50 PN16,,V,
'3F2BC,TIC,41502,物料XXX,30℃,0.1MPa,,L,S30408,V1101压力,,200mm,2000mm,1000mm,S20C14-23-04-15,,,V,
'3F2A1,XV,41505,物料XXX,30℃,0.1MPa,,L,S30408,V1101液位,V1101,200mm,2000mm,1000mm,S20C14-23-04-15,DN50 PN16,,V,
'3F265,XV,41508,物料XXX,30℃,0.1MPa,,L,S30408,V1101液位,V1101,200mm,2000mm,1000mm,S20C14-23-04-15,DN50 PN16,,V,
'3F24C,XV,41507,物料XXX,30℃,0.1MPa,,L,S30408,V1101液位,V1101,200mm,2000mm,1000mm,S20C14-23-04-15,DN50 PN16,,V,
'3F221,TV,41501,物料XXX,30℃,0.1MPa,,L,S30408,V1101液位,V1101,200mm,2000mm,1000mm,S20C14-23-04-15,DN50 PN16,,V,
'3F20B,XV,41506,物料XXX,30℃,0.1MPa,,L,S30408,V1101液位,V1101,200mm,2000mm,1000mm,S20C14-23-04-15,DN50 PN16,,V,
'3F1F1,XV,41501,物料XXX,30℃,0.1MPa,,L,S30408,V1101液位,V1101,200mm,2000mm,1000mm,S20C14-23-04-15,DN50 PN16,,V,
'3F1D0,XV,41503,物料XXX,30℃,0.1MPa,,L,S30408,V1101液位,V1101,200mm,2000mm,1000mm,S20C14-23-04-15,DN50 PN16,,V,
'3F1BB,XV,41502,物料XXX,30℃,0.1MPa,,L,S30408,V1101液位,V1101,200mm,2000mm,1000mm,S20C14-23-04-15,DN50 PN16,,V,
'3F1A1,IR,1101,物料XXX,30℃,0.1MPa,,L,S30408,V1101压力,,200mm,2000mm,1000mm,S20C14-23-04-15,,,V,
'3F18B,PG,41504,物料XXX,30℃,0.1MPa,,L,S30408,V1101液位,V1101,200mm,2000mm,1000mm,S20C14-23-04-15,DN50 PN16,,V,
'3F092,PG,41406,物料XXX,30℃,0.1MPa,,L,S30408,V1101液位,V1101,200mm,2000mm,1000mm,S20C14-23-04-14,DN50 PN16,,V,
'3EFAE,XV,41407,物料XXX,30℃,0.1MPa,,L,S30408,V1101液位,V1101,200mm,2000mm,1000mm,S20C14-23-04-14,DN50 PN16,,V,
'3EF98,PISA,41405,物料XXX,30℃,0.1MPa,,L,S30408,V1101压力,,200mm,2000mm,1000mm,S20C14-23-04-14,,,V,
'3EF82,TISA,41403,物料XXX,30℃,0.1MPa,,L,S30408,V1101压力,,200mm,2000mm,1000mm,S20C14-23-04-14,,,V,
'3EF6C,TICSA,41401,物料XXX,30℃,0.1MPa,,L,S30408,V1101压力,,200mm,2000mm,1000mm,S20C14-23-04-14,,,V,
'3EF58,PG,41401,物料XXX,30℃,0.1MPa,,L,S30408,V1101液位,V1101,200mm,2000mm,1000mm,S20C14-23-04-14,DN50 PN16,,V,
'3EF44,TV,41402,物料XXX,30℃,0.1MPa,,L,S30408,V1101液位,V1101,200mm,2000mm,1000mm,S20C14-23-04-14,DN50 PN16,,V,
'3EF30,XV,41404,物料XXX,30℃,0.1MPa,,L,S30408,V1101液位,V1101,200mm,2000mm,1000mm,S20C14-23-04-14,DN50 PN16,,V,
'3EF1C,PG,41402,物料XXX,30℃,0.1MPa,,L,S30408,V1101液位,V1101,200mm,2000mm,1000mm,S20C14-23-04-14,DN50 PN16,,V,
'3EF08,TV,41401,物料XXX,30℃,0.1MPa,,L,S30408,V1101液位,V1101,200mm,2000mm,1000mm,S20C14-23-04-14,DN50 PN16,,V,
'3EEF4,XV,41401,物料XXX,30℃,0.1MPa,,L,S30408,V1101液位,V1101,200mm,2000mm,1000mm,S20C14-23-04-14,DN50 PN16,,V,
'3EEE0,XV,41403,物料XXX,30℃,0.1MPa,,L,S30408,V1101液位,V1101,200mm,2000mm,1000mm,S20C14-23-04-14,DN50 PN16,,V,
'3ED42,PG,41306,物料XXX,30℃,0.1MPa,,L,S30408,V1101液位,V1101,200mm,2000mm,1000mm,S20C14-23-04-13,DN50 PN16,,V,
'3ED1C,PG,41305,物料XXX,30℃,0.1MPa,,L,S30408,V1101液位,V1101,200mm,2000mm,1000mm,S20C14-23-04-13,DN50 PN16,,V,
'3EC55,TIC,41302,物料XXX,30℃,0.1MPa,,L,S30408,V1101压力,,200mm,2000mm,1000mm,S20C14-23-04-13,,,V,
'3EC3A,XV,41305,物料XXX,30℃,0.1MPa,,L,S30408,V1101液位,V1101,200mm,2000mm,1000mm,S20C14-23-04-13,DN50 PN16,,V,
'3EBFE,XV,41308,物料XXX,30℃,0.1MPa,,L,S30408,V1101液位,V1101,200mm,2000mm,1000mm,S20C14-23-04-13,DN50 PN16,,V,
'3EBE5,XV,41307,物料XXX,30℃,0.1MPa,,L,S30408,V1101液位,V1101,200mm,2000mm,1000mm,S20C14-23-04-13,DN50 PN16,,V,
'3EBBA,TV,41301,物料XXX,30℃,0.1MPa,,L,S30408,V1101液位,V1101,200mm,2000mm,1000mm,S20C14-23-04-13,DN50 PN16,,V,
'3EBA4,XV,41306,物料XXX,30℃,0.1MPa,,L,S30408,V1101液位,V1101,200mm,2000mm,1000mm,S20C14-23-04-13,DN50 PN16,,V,
'3EB8A,XV,41301,物料XXX,30℃,0.1MPa,,L,S30408,V1101液位,V1101,200mm,2000mm,1000mm,S20C14-23-04-13,DN50 PN16,,V,
'3EB69,XV,41303,物料XXX,30℃,0.1MPa,,L,S30408,V1101液位,V1101,200mm,2000mm,1000mm,S20C14-23-04-13,DN50 PN16,,V,
'3EB54,XV,41302,物料XXX,30℃,0.1MPa,,L,S30408,V1101液位,V1101,200mm,2000mm,1000mm,S20C14-23-04-13,DN50 PN16,,V,
'3EB3A,IR,1101,物料XXX,30℃,0.1MPa,,L,S30408,V1101压力,,200mm,2000mm,1000mm,S20C14-23-04-13,,,V,
'3EB24,PG,41304,物料XXX,30℃,0.1MPa,,L,S30408,V1101液位,V1101,200mm,2000mm,1000mm,S20C14-23-04-13,DN50 PN16,,V,
'3EA45,LIA,41203,物料XXX,30℃,0.1MPa,,L,S30408,V1101压力,,200mm,2000mm,1000mm,S20C14-23-04-12,,,V,
'3EA2F,PIA,41208,物料XXX,30℃,0.1MPa,,L,S30408,V1101压力,,200mm,2000mm,1000mm,S20C14-23-04-12,,,V,
'3E933,PG,41209,物料XXX,30℃,0.1MPa,,L,S30408,V1101液位,V1101,200mm,2000mm,1000mm,S20C14-23-04-12,DN50 PN16,,V,
'3E91F,XV,41209,物料XXX,30℃,0.1MPa,,L,S30408,V1101液位,V1101,200mm,2000mm,1000mm,S20C14-23-04-12,DN50 PN16,,V,
'3E909,PISA,41205,物料XXX,30℃,0.1MPa,,L,S30408,V1101压力,,200mm,2000mm,1000mm,S20C14-23-04-12,,,V,
'3E8F3,TISA,41203,物料XXX,30℃,0.1MPa,,L,S30408,V1101压力,,200mm,2000mm,1000mm,S20C14-23-04-12,,,V,
'3E8DD,TICSA,41201,物料XXX,30℃,0.1MPa,,L,S30408,V1101压力,,200mm,2000mm,1000mm,S20C14-23-04-12,,,V,
'3E8C9,PG,41201,物料XXX,30℃,0.1MPa,,L,S30408,V1101液位,V1101,200mm,2000mm,1000mm,S20C14-23-04-12,DN50 PN16,,V,
'3E8B5,TV,41202,物料XXX,30℃,0.1MPa,,L,S30408,V1101液位,V1101,200mm,2000mm,1000mm,S20C14-23-04-12,DN50 PN16,,V,
'3E8A1,XV,41205,物料XXX,30℃,0.1MPa,,L,S30408,V1101液位,V1101,200mm,2000mm,1000mm,S20C14-23-04-12,DN50 PN16,,V,
'3E88D,PG,41202,物料XXX,30℃,0.1MPa,,L,S30408,V1101液位,V1101,200mm,2000mm,1000mm,S20C14-23-04-12,DN50 PN16,,V,
'3E879,TV,41201,物料XXX,30℃,0.1MPa,,L,S30408,V1101液位,V1101,200mm,2000mm,1000mm,S20C14-23-04-12,DN50 PN16,,V,
'3E865,XV,41201,物料XXX,30℃,0.1MPa,,L,S30408,V1101液位,V1101,200mm,2000mm,1000mm,S20C14-23-04-12,DN50 PN16,,V,
'3E851,XV,41204,物料XXX,30℃,0.1MPa,,L,S30408,V1101液位,V1101,200mm,2000mm,1000mm,S20C14-23-04-12,DN50 PN16,,V,
'3E6EA,PG,41106,物料XXX,30℃,0.1MPa,,L,S30408,V1101液位,V1101,200mm,2000mm,1000mm,S20C14-23-04-11,DN50 PN16,,V,
'3E61F,XV,41107,物料XXX,30℃,0.1MPa,,L,S30408,V1101液位,V1101,200mm,2000mm,1000mm,S20C14-23-04-11,DN50 PN16,,V,
'3E609,PISA,41105,物料XXX,30℃,0.1MPa,,L,S30408,V1101压力,,200mm,2000mm,1000mm,S20C14-23-04-11,,,V,
'3E5F3,TISA,41103,物料XXX,30℃,0.1MPa,,L,S30408,V1101压力,,200mm,2000mm,1000mm,S20C14-23-04-11,,,V,
'3E5DD,TICSA,41101,物料XXX,30℃,0.1MPa,,L,S30408,V1101压力,,200mm,2000mm,1000mm,S20C14-23-04-11,,,V,
'3E5C9,PG,41101,物料XXX,30℃,0.1MPa,,L,S30408,V1101液位,V1101,200mm,2000mm,1000mm,S20C14-23-04-11,DN50 PN16,,V,
'3E5B5,TV,41102,物料XXX,30℃,0.1MPa,,L,S30408,V1101液位,V1101,200mm,2000mm,1000mm,S20C14-23-04-11,DN50 PN16,,V,
'3E5A1,XV,41105,物料XXX,30℃,0.1MPa,,L,S30408,V1101液位,V1101,200mm,2000mm,1000mm,S20C14-23-04-11,DN50 PN16,,V,
'3E58D,PG,41102,物料XXX,30℃,0.1MPa,,L,S30408,V1101液位,V1101,200mm,2000mm,1000mm,S20C14-23-04-11,DN50 PN16,,V,
'3E579,TV,41101,物料XXX,30℃,0.1MPa,,L,S30408,V1101液位,V1101,200mm,2000mm,1000mm,S20C14-23-04-11,DN50 PN16,,V,
'3E565,XV,41101,物料XXX,30℃,0.1MPa,,L,S30408,V1101液位,V1101,200mm,2000mm,1000mm,S20C14-23-04-11,DN50 PN16,,V,
'3E551,XV,41103,物料XXX,30℃,0.1MPa,,L,S30408,V1101液位,V1101,200mm,2000mm,1000mm,S20C14-23-04-11,DN50 PN16,,V,
'3E428,LIA,41004,物料XXX,30℃,0.1MPa,,L,S30408,V1101压力,,200mm,2000mm,1000mm,S20C14-23-04-10,,,V,
'3E3EF,PG,41006,物料XXX,30℃,0.1MPa,,L,S30408,V1101液位,V1101,200mm,2000mm,1000mm,S20C14-23-04-10,DN50 PN16,,V,
'3E39F,LIA,41005,物料XXX,30℃,0.1MPa,,L,S30408,V1101压力,,200mm,2000mm,1000mm,S20C14-23-04-10,,,V,
'3E389,PIA,41014,物料XXX,30℃,0.1MPa,,L,S30408,V1101压力,,200mm,2000mm,1000mm,S20C14-23-04-10,,,V,
'3E299,PG,41015,物料XXX,30℃,0.1MPa,,L,S30408,V1101液位,V1101,200mm,2000mm,1000mm,S20C14-23-04-10,DN50 PN16,,V,
'3E285,XV,41006,物料XXX,30℃,0.1MPa,,L,S30408,V1101液位,V1101,200mm,2000mm,1000mm,S20C14-23-04-10,DN50 PN16,,V,
'3E26F,LIA,41003,物料XXX,30℃,0.1MPa,,L,S30408,V1101压力,,200mm,2000mm,1000mm,S20C14-23-04-10,,,V,
'3E259,PIA,41012,物料XXX,30℃,0.1MPa,,L,S30408,V1101压力,,200mm,2000mm,1000mm,S20C14-23-04-10,,,V,
'3E243,PISA,41005,物料XXX,30℃,0.1MPa,,L,S30408,V1101压力,,200mm,2000mm,1000mm,S20C14-23-04-10,,,V,
'3E22D,TISA,41003,物料XXX,30℃,0.1MPa,,L,S30408,V1101压力,,200mm,2000mm,1000mm,S20C14-23-04-10,,,V,
'3E217,TICSA,41001,物料XXX,30℃,0.1MPa,,L,S30408,V1101压力,,200mm,2000mm,1000mm,S20C14-23-04-10,,,V,
'3E203,PG,41001,物料XXX,30℃,0.1MPa,,L,S30408,V1101液位,V1101,200mm,2000mm,1000mm,S20C14-23-04-10,DN50 PN16,,V,
'3E1EF,TV,41002,物料XXX,30℃,0.1MPa,,L,S30408,V1101液位,V1101,200mm,2000mm,1000mm,S20C14-23-04-10,DN50 PN16,,V,
'3E1DB,XV,41004,物料XXX,30℃,0.1MPa,,L,S30408,V1101液位,V1101,200mm,2000mm,1000mm,S20C14-23-04-10,DN50 PN16,,V,
'3E1C7,PG,41002,物料XXX,30℃,0.1MPa,,L,S30408,V1101液位,V1101,200mm,2000mm,1000mm,S20C14-23-04-10,DN50 PN16,,V,
'3E1B3,TV,41001,物料XXX,30℃,0.1MPa,,L,S30408,V1101液位,V1101,200mm,2000mm,1000mm,S20C14-23-04-10,DN50 PN16,,V,
'3E19F,XV,41001,物料XXX,30℃,0.1MPa,,L,S30408,V1101液位,V1101,200mm,2000mm,1000mm,S20C14-23-04-10,DN50 PN16,,V,
'3E18B,XV,41003,物料XXX,30℃,0.1MPa,,L,S30408,V1101液位,V1101,200mm,2000mm,1000mm,S20C14-23-04-10,DN50 PN16,,V,
'3DFCE,PG,40906,物料XXX,30℃,0.1MPa,,L,S30408,V1101液位,V1101,200mm,2000mm,1000mm,S20C14-23-04-09,DN50 PN16,,V,
'3DFA8,PG,40905,物料XXX,30℃,0.1MPa,,L,S30408,V1101液位,V1101,200mm,2000mm,1000mm,S20C14-23-04-09,DN50 PN16,,V,
'3DECD,TIC,40902,物料XXX,30℃,0.1MPa,,L,S30408,V1101压力,,200mm,2000mm,1000mm,S20C14-23-04-09,,,V,
'3DEAF,XV,40905,物料XXX,30℃,0.1MPa,,L,S30408,V1101液位,V1101,200mm,2000mm,1000mm,S20C14-23-04-09,DN50 PN16,,V,
'3DE73,XV,40908,物料XXX,30℃,0.1MPa,,L,S30408,V1101液位,V1101,200mm,2000mm,1000mm,S20C14-23-04-09,DN50 PN16,,V,
'3DE5A,XV,40907,物料XXX,30℃,0.1MPa,,L,S30408,V1101液位,V1101,200mm,2000mm,1000mm,S20C14-23-04-09,DN50 PN16,,V,
'3DE2F,TV,40901,物料XXX,30℃,0.1MPa,,L,S30408,V1101液位,V1101,200mm,2000mm,1000mm,S20C14-23-04-09,DN50 PN16,,V,
'3DE19,XV,40906,物料XXX,30℃,0.1MPa,,L,S30408,V1101液位,V1101,200mm,2000mm,1000mm,S20C14-23-04-09,DN50 PN16,,V,
'3DDFF,XV,40901,物料XXX,30℃,0.1MPa,,L,S30408,V1101液位,V1101,200mm,2000mm,1000mm,S20C14-23-04-09,DN50 PN16,,V,
'3DDDE,XV,40903,物料XXX,30℃,0.1MPa,,L,S30408,V1101液位,V1101,200mm,2000mm,1000mm,S20C14-23-04-09,DN50 PN16,,V,
'3DDC9,XV,40902,物料XXX,30℃,0.1MPa,,L,S30408,V1101液位,V1101,200mm,2000mm,1000mm,S20C14-23-04-09,DN50 PN16,,V,
'3DDAF,IR,1101,物料XXX,30℃,0.1MPa,,L,S30408,V1101压力,,200mm,2000mm,1000mm,S20C14-23-04-09,,,V,
'3DD99,PG,40904,物料XXX,30℃,0.1MPa,,L,S30408,V1101液位,V1101,200mm,2000mm,1000mm,S20C14-23-04-09,DN50 PN16,,V,
'3DCF6,PG,40811,物料XXX,30℃,0.1MPa,,L,S30408,V1101液位,V1101,200mm,2000mm,1000mm,S20C14-23-04-08,DN50 PN16,,V,
'3DCC7,PG,40809,物料XXX,30℃,0.1MPa,,L,S30408,V1101液位,V1101,200mm,2000mm,1000mm,S20C14-23-04-08,DN50 PN16,,V,
'3DC7A,LG,40804,物料XXX,30℃,0.1MPa,,L,S30408,V1101液位,V1101,200mm,2000mm,1000mm,S20C14-23-04-08,DN50 PN16,,V,
'3DC60,AIRA,40802,物料XXX,30℃,0.1MPa,,L,S30408,V1101压力,,200mm,2000mm,1000mm,S20C14-23-04-08,,,V,
'3DC49,AIRA,40801,物料XXX,30℃,0.1MPa,,L,S30408,V1101压力,,200mm,2000mm,1000mm,S20C14-23-04-08,,,V,
'3DC33,LIRA,40801,物料XXX,30℃,0.1MPa,,L,S30408,V1101压力,,200mm,2000mm,1000mm,S20C14-23-04-08,,,V,
'3DC1D,TIC,40802,物料XXX,30℃,0.1MPa,,L,S30408,V1101压力,,200mm,2000mm,1000mm,S20C14-23-04-08,,,V,
'3DC08,XV,40812,物料XXX,30℃,0.1MPa,,L,S30408,V1101液位,V1101,200mm,2000mm,1000mm,S20C14-23-04-08,DN50 PN16,,V,
'3DBC9,TG,40803,物料XXX,30℃,0.1MPa,,L,S30408,V1101液位,V1101,200mm,2000mm,1000mm,S20C14-23-04-08,DN50 PN16,,V,
'3DBB3,PIA,40810,物料XXX,30℃,0.1MPa,,L,S30408,V1101压力,,200mm,2000mm,1000mm,S20C14-23-04-08,,,V,
'3DB9D,LIA,40802,物料XXX,30℃,0.1MPa,,L,S30408,V1101压力,,200mm,2000mm,1000mm,S20C14-23-04-08,,,V,
'3DB6F,XV,40808,物料XXX,30℃,0.1MPa,,L,S30408,V1101液位,V1101,200mm,2000mm,1000mm,S20C14-23-04-08,DN50 PN16,,V,
'3DB5B,XV,40807,物料XXX,30℃,0.1MPa,,L,S30408,V1101液位,V1101,200mm,2000mm,1000mm,S20C14-23-04-08,DN50 PN16,,V,
'3DB47,XV,40810,物料XXX,30℃,0.1MPa,,L,S30408,V1101液位,V1101,200mm,2000mm,1000mm,S20C14-23-04-08,DN50 PN16,,V,
'3DB33,XV,40811,物料XXX,30℃,0.1MPa,,L,S30408,V1101液位,V1101,200mm,2000mm,1000mm,S20C14-23-04-08,DN50 PN16,,V,
'3DAFC,TV,40802,物料XXX,30℃,0.1MPa,,L,S30408,V1101液位,V1101,200mm,2000mm,1000mm,S20C14-23-04-08,DN50 PN16,,V,
'3DAE6,XV,40802,物料XXX,30℃,0.1MPa,,L,S30408,V1101液位,V1101,200mm,2000mm,1000mm,S20C14-23-04-08,DN50 PN16,,V,
'3DAD1,PG,40802,物料XXX,30℃,0.1MPa,,L,S30408,V1101液位,V1101,200mm,2000mm,1000mm,S20C14-23-04-08,DN50 PN16,,V,
'3DA98,TV,40801,物料XXX,30℃,0.1MPa,,L,S30408,V1101液位,V1101,200mm,2000mm,1000mm,S20C14-23-04-08,DN50 PN16,,V,
'3DA82,XV,40801,物料XXX,30℃,0.1MPa,,L,S30408,V1101液位,V1101,200mm,2000mm,1000mm,S20C14-23-04-08,DN50 PN16,,V,
'3DA6D,PG,40801,物料XXX,30℃,0.1MPa,,L,S30408,V1101液位,V1101,200mm,2000mm,1000mm,S20C14-23-04-08,DN50 PN16,,V,
'3DA36,TV,40803,物料XXX,30℃,0.1MPa,,L,S30408,V1101液位,V1101,200mm,2000mm,1000mm,S20C14-23-04-08,DN50 PN16,,V,
'3DA20,XV,40803,物料XXX,30℃,0.1MPa,,L,S30408,V1101液位,V1101,200mm,2000mm,1000mm,S20C14-23-04-08,DN50 PN16,,V,
'3DA0A,PG,40803,物料XXX,30℃,0.1MPa,,L,S30408,V1101液位,V1101,200mm,2000mm,1000mm,S20C14-23-04-08,DN50 PN16,,V,
'3D9D2,TV,40804,物料XXX,30℃,0.1MPa,,L,S30408,V1101液位,V1101,200mm,2000mm,1000mm,S20C14-23-04-08,DN50 PN16,,V,
'3D9BC,XV,40809,物料XXX,30℃,0.1MPa,,L,S30408,V1101液位,V1101,200mm,2000mm,1000mm,S20C14-23-04-08,DN50 PN16,,V,
'3D9A6,PG,40804,物料XXX,30℃,0.1MPa,,L,S30408,V1101液位,V1101,200mm,2000mm,1000mm,S20C14-23-04-08,DN50 PN16,,V,
'3D962,XV,40815,物料XXX,30℃,0.1MPa,,L,S30408,V1101液位,V1101,200mm,2000mm,1000mm,S20C14-23-04-08,DN50 PN16,,V,
'3D949,XV,40814,物料XXX,30℃,0.1MPa,,L,S30408,V1101液位,V1101,200mm,2000mm,1000mm,S20C14-23-04-08,DN50 PN16,,V,
'3D91E,TV,40805,物料XXX,30℃,0.1MPa,,L,S30408,V1101液位,V1101,200mm,2000mm,1000mm,S20C14-23-04-08,DN50 PN16,,V,
'3D908,XV,40813,物料XXX,30℃,0.1MPa,,L,S30408,V1101液位,V1101,200mm,2000mm,1000mm,S20C14-23-04-08,DN50 PN16,,V,
'3D8EE,XV,40804,物料XXX,30℃,0.1MPa,,L,S30408,V1101液位,V1101,200mm,2000mm,1000mm,S20C14-23-04-08,DN50 PN16,,V,
'3D8CD,XV,40806,物料XXX,30℃,0.1MPa,,L,S30408,V1101液位,V1101,200mm,2000mm,1000mm,S20C14-23-04-08,DN50 PN16,,V,
'3D8B8,XV,40805,物料XXX,30℃,0.1MPa,,L,S30408,V1101液位,V1101,200mm,2000mm,1000mm,S20C14-23-04-08,DN50 PN16,,V,
'3D89A,PV,40801,物料XXX,30℃,0.1MPa,,L,S30408,V1101液位,V1101,200mm,2000mm,1000mm,S20C14-23-04-08,DN50 PN16,,V,
'3D883,FIC,40801,物料XXX,30℃,0.1MPa,,L,S30408,V1101压力,,200mm,2000mm,1000mm,S20C14-23-04-08,,,V,
'3D86F,PV,40802,物料XXX,30℃,0.1MPa,,L,S30408,V1101液位,V1101,200mm,2000mm,1000mm,S20C14-23-04-08,DN50 PN16,,V,
'3D859,TIC,40801,物料XXX,30℃,0.1MPa,,L,S30408,V1101压力,,200mm,2000mm,1000mm,S20C14-23-04-08,,,V,
'3D843,PIR,40805,物料XXX,30℃,0.1MPa,,L,S30408,V1101压力,,200mm,2000mm,1000mm,S20C14-23-04-08,,,V,
'3D82D,IR,1101,物料XXX,30℃,0.1MPa,,L,S30408,V1101压力,,200mm,2000mm,1000mm,S20C14-23-04-08,,,V,
'3D809,PG,40806,物料XXX,30℃,0.1MPa,,L,S30408,V1101液位,V1101,200mm,2000mm,1000mm,S20C14-23-04-08,DN50 PN16,,V,
'3D6AD,XV,40721,物料XXX,30℃,0.1MPa,,L,S30408,V1101液位,V1101,200mm,2000mm,1000mm,S20C14-23-04-07,DN50 PN16,,V,
'3D68C,AIRA,40702,物料XXX,30℃,0.1MPa,,L,S30408,V1101压力,,200mm,2000mm,1000mm,S20C14-23-04-07,,,V,
'3D676,AIRA,40701,物料XXX,30℃,0.1MPa,,L,S30408,V1101压力,,200mm,2000mm,1000mm,S20C14-23-04-07,,,V,
'3D660,TIC,40702,物料XXX,30℃,0.1MPa,,L,S30408,V1101压力,,200mm,2000mm,1000mm,S20C14-23-04-07,,,V,
'3D642,XV,40708,物料XXX,30℃,0.1MPa,,L,S30408,V1101液位,V1101,200mm,2000mm,1000mm,S20C14-23-04-07,DN50 PN16,,V,
'3D62E,XV,40707,物料XXX,30℃,0.1MPa,,L,S30408,V1101液位,V1101,200mm,2000mm,1000mm,S20C14-23-04-07,DN50 PN16,,V,
'3D61A,XV,40711,物料XXX,30℃,0.1MPa,,L,S30408,V1101液位,V1101,200mm,2000mm,1000mm,S20C14-23-04-07,DN50 PN16,,V,
'3D606,XV,40712,物料XXX,30℃,0.1MPa,,L,S30408,V1101液位,V1101,200mm,2000mm,1000mm,S20C14-23-04-07,DN50 PN16,,V,
'3D5EB,XV,40713,物料XXX,30℃,0.1MPa,,L,S30408,V1101液位,V1101,200mm,2000mm,1000mm,S20C14-23-04-07,DN50 PN16,,V,
'3D5BB,TV,40702,物料XXX,30℃,0.1MPa,,L,S30408,V1101液位,V1101,200mm,2000mm,1000mm,S20C14-23-04-07,DN50 PN16,,V,
'3D5A5,XV,40702,物料XXX,30℃,0.1MPa,,L,S30408,V1101液位,V1101,200mm,2000mm,1000mm,S20C14-23-04-07,DN50 PN16,,V,
'3D590,PG,40702,物料XXX,30℃,0.1MPa,,L,S30408,V1101液位,V1101,200mm,2000mm,1000mm,S20C14-23-04-07,DN50 PN16,,V,
'3D556,TV,40701,物料XXX,30℃,0.1MPa,,L,S30408,V1101液位,V1101,200mm,2000mm,1000mm,S20C14-23-04-07,DN50 PN16,,V,
'3D540,XV,40701,物料XXX,30℃,0.1MPa,,L,S30408,V1101液位,V1101,200mm,2000mm,1000mm,S20C14-23-04-07,DN50 PN16,,V,
'3D52B,PG,40701,物料XXX,30℃,0.1MPa,,L,S30408,V1101液位,V1101,200mm,2000mm,1000mm,S20C14-23-04-07,DN50 PN16,,V,
'3D4F3,TV,40703,物料XXX,30℃,0.1MPa,,L,S30408,V1101液位,V1101,200mm,2000mm,1000mm,S20C14-23-04-07,DN50 PN16,,V,
'3D4DD,XV,40703,物料XXX,30℃,0.1MPa,,L,S30408,V1101液位,V1101,200mm,2000mm,1000mm,S20C14-23-04-07,DN50 PN16,,V,
'3D4C7,PG,40703,物料XXX,30℃,0.1MPa,,L,S30408,V1101液位,V1101,200mm,2000mm,1000mm,S20C14-23-04-07,DN50 PN16,,V,
'3D48E,TV,40705,物料XXX,30℃,0.1MPa,,L,S30408,V1101液位,V1101,200mm,2000mm,1000mm,S20C14-23-04-07,DN50 PN16,,V,
'3D478,XV,40710,物料XXX,30℃,0.1MPa,,L,S30408,V1101液位,V1101,200mm,2000mm,1000mm,S20C14-23-04-07,DN50 PN16,,V,
'3D462,PG,40705,物料XXX,30℃,0.1MPa,,L,S30408,V1101液位,V1101,200mm,2000mm,1000mm,S20C14-23-04-07,DN50 PN16,,V,
'3D41D,XV,40716,物料XXX,30℃,0.1MPa,,L,S30408,V1101液位,V1101,200mm,2000mm,1000mm,S20C14-23-04-07,DN50 PN16,,V,
'3D404,XV,40715,物料XXX,30℃,0.1MPa,,L,S30408,V1101液位,V1101,200mm,2000mm,1000mm,S20C14-23-04-07,DN50 PN16,,V,
'3D3D9,TV,40706,物料XXX,30℃,0.1MPa,,L,S30408,V1101液位,V1101,200mm,2000mm,1000mm,S20C14-23-04-07,DN50 PN16,,V,
'3D3C3,XV,40714,物料XXX,30℃,0.1MPa,,L,S30408,V1101液位,V1101,200mm,2000mm,1000mm,S20C14-23-04-07,DN50 PN16,,V,
'3D3A9,XV,40704,物料XXX,30℃,0.1MPa,,L,S30408,V1101液位,V1101,200mm,2000mm,1000mm,S20C14-23-04-07,DN50 PN16,,V,
'3D388,XV,40706,物料XXX,30℃,0.1MPa,,L,S30408,V1101液位,V1101,200mm,2000mm,1000mm,S20C14-23-04-07,DN50 PN16,,V,
'3D373,XV,40705,物料XXX,30℃,0.1MPa,,L,S30408,V1101液位,V1101,200mm,2000mm,1000mm,S20C14-23-04-07,DN50 PN16,,V,
'3D357,FIC,40701,物料XXX,30℃,0.1MPa,,L,S30408,V1101压力,,200mm,2000mm,1000mm,S20C14-23-04-07,,,V,
'3D343,PV,40701,物料XXX,30℃,0.1MPa,,L,S30408,V1101液位,V1101,200mm,2000mm,1000mm,S20C14-23-04-07,DN50 PN16,,V,
'3D32D,TIC,40701,物料XXX,30℃,0.1MPa,,L,S30408,V1101压力,,200mm,2000mm,1000mm,S20C14-23-04-07,,,V,
'3D317,PIR,40706,物料XXX,30℃,0.1MPa,,L,S30408,V1101压力,,200mm,2000mm,1000mm,S20C14-23-04-07,,,V,
'3D301,IR,1101,物料XXX,30℃,0.1MPa,,L,S30408,V1101压力,,200mm,2000mm,1000mm,S20C14-23-04-07,,,V,
'3D2DD,PG,40707,物料XXX,30℃,0.1MPa,,L,S30408,V1101液位,V1101,200mm,2000mm,1000mm,S20C14-23-04-07,DN50 PN16,,V,
'3D226,PV,40601,物料XXX,30℃,0.1MPa,,L,S30408,V1101液位,V1101,200mm,2000mm,1000mm,S20C14-23-04-06,DN50 PN16,,V,
'3D203,PV,40602,物料XXX,30℃,0.1MPa,,L,S30408,V1101液位,V1101,200mm,2000mm,1000mm,S20C14-23-04-06,DN50 PN16,,V,
'3D1E0,PV,40603,物料XXX,30℃,0.1MPa,,L,S30408,V1101液位,V1101,200mm,2000mm,1000mm,S20C14-23-04-06,DN50 PN16,,V,
'3D1BB,TIC,40704,物料XXX,30℃,0.1MPa,,L,S30408,V1101压力,,200mm,2000mm,1000mm,S20C14-23-04-07,,,V,
'3D19D,XV,40722,物料XXX,30℃,0.1MPa,,L,S30408,V1101液位,V1101,200mm,2000mm,1000mm,S20C14-23-04-07,DN50 PN16,,V,
'3D189,XV,40720,物料XXX,30℃,0.1MPa,,L,S30408,V1101液位,V1101,200mm,2000mm,1000mm,S20C14-23-04-07,DN50 PN16,,V,
'3D159,TV,40704,物料XXX,30℃,0.1MPa,,L,S30408,V1101液位,V1101,200mm,2000mm,1000mm,S20C14-23-04-07,DN50 PN16,,V,
'3D143,XV,40709,物料XXX,30℃,0.1MPa,,L,S30408,V1101液位,V1101,200mm,2000mm,1000mm,S20C14-23-04-07,DN50 PN16,,V,
'3D12E,PG,40704,物料XXX,30℃,0.1MPa,,L,S30408,V1101液位,V1101,200mm,2000mm,1000mm,S20C14-23-04-07,DN50 PN16,,V,
'3D0F7,TV,40707,物料XXX,30℃,0.1MPa,,L,S30408,V1101液位,V1101,200mm,2000mm,1000mm,S20C14-23-04-07,DN50 PN16,,V,
'3D0E1,XV,40723,物料XXX,30℃,0.1MPa,,L,S30408,V1101液位,V1101,200mm,2000mm,1000mm,S20C14-23-04-07,DN50 PN16,,V,
'3D0CB,PG,40710,物料XXX,30℃,0.1MPa,,L,S30408,V1101液位,V1101,200mm,2000mm,1000mm,S20C14-23-04-07,DN50 PN16,,V,
'3D086,XV,40726,物料XXX,30℃,0.1MPa,,L,S30408,V1101液位,V1101,200mm,2000mm,1000mm,S20C14-23-04-07,DN50 PN16,,V,
'3D06D,XV,40725,物料XXX,30℃,0.1MPa,,L,S30408,V1101液位,V1101,200mm,2000mm,1000mm,S20C14-23-04-07,DN50 PN16,,V,
'3D042,TV,40708,物料XXX,30℃,0.1MPa,,L,S30408,V1101液位,V1101,200mm,2000mm,1000mm,S20C14-23-04-07,DN50 PN16,,V,
'3D02C,XV,40724,物料XXX,30℃,0.1MPa,,L,S30408,V1101液位,V1101,200mm,2000mm,1000mm,S20C14-23-04-07,DN50 PN16,,V,
'3D012,XV,40717,物料XXX,30℃,0.1MPa,,L,S30408,V1101液位,V1101,200mm,2000mm,1000mm,S20C14-23-04-07,DN50 PN16,,V,
'3CFF1,XV,40719,物料XXX,30℃,0.1MPa,,L,S30408,V1101液位,V1101,200mm,2000mm,1000mm,S20C14-23-04-07,DN50 PN16,,V,
'3CFDC,XV,40718,物料XXX,30℃,0.1MPa,,L,S30408,V1101液位,V1101,200mm,2000mm,1000mm,S20C14-23-04-07,DN50 PN16,,V,
'3CFC0,FIC,40702,物料XXX,30℃,0.1MPa,,L,S30408,V1101压力,,200mm,2000mm,1000mm,S20C14-23-04-07,,,V,
'3CFAC,PV,40702,物料XXX,30℃,0.1MPa,,L,S30408,V1101液位,V1101,200mm,2000mm,1000mm,S20C14-23-04-07,DN50 PN16,,V,
'3CF96,TIC,40703,物料XXX,30℃,0.1MPa,,L,S30408,V1101压力,,200mm,2000mm,1000mm,S20C14-23-04-07,,,V,
'3CF80,PIR,40708,物料XXX,30℃,0.1MPa,,L,S30408,V1101压力,,200mm,2000mm,1000mm,S20C14-23-04-07,,,V,
'3CF6A,IR,1101,物料XXX,30℃,0.1MPa,,L,S30408,V1101压力,,200mm,2000mm,1000mm,S20C14-23-04-07,,,V,
'3CF4D,PG,40711,物料XXX,30℃,0.1MPa,,L,S30408,V1101液位,V1101,200mm,2000mm,1000mm,S20C14-23-04-07,DN50 PN16,,V,
'3CE8A,PG,40601,物料XXX,30℃,0.1MPa,,L,S30408,V1101液位,V1101,200mm,2000mm,1000mm,S20C14-23-04-06,DN50 PN16,,V,
'3CE4C,AIRA,40603,物料XXX,30℃,0.1MPa,,L,S30408,V1101压力,,200mm,2000mm,1000mm,S20C14-23-04-06,,,V,
'3CE36,AIRA,40602,物料XXX,30℃,0.1MPa,,L,S30408,V1101压力,,200mm,2000mm,1000mm,S20C14-23-04-06,,,V,
'3CE20,TIC,40602,物料XXX,30℃,0.1MPa,,L,S30408,V1101压力,,200mm,2000mm,1000mm,S20C14-23-04-06,,,V,
'3CE08,XV,40602,物料XXX,30℃,0.1MPa,,L,S30408,V1101液位,V1101,200mm,2000mm,1000mm,S20C14-23-04-06,DN50 PN16,,V,
'3CDD9,XV,40610,物料XXX,30℃,0.1MPa,,L,S30408,V1101液位,V1101,200mm,2000mm,1000mm,S20C14-23-04-06,DN50 PN16,,V,
'3CDC5,XV,40609,物料XXX,30℃,0.1MPa,,L,S30408,V1101液位,V1101,200mm,2000mm,1000mm,S20C14-23-04-06,DN50 PN16,,V,
'3CDB1,XV,40612,物料XXX,30℃,0.1MPa,,L,S30408,V1101液位,V1101,200mm,2000mm,1000mm,S20C14-23-04-06,DN50 PN16,,V,
'3CD9D,XV,40613,物料XXX,30℃,0.1MPa,,L,S30408,V1101液位,V1101,200mm,2000mm,1000mm,S20C14-23-04-06,DN50 PN16,,V,
'3CD82,XV,40614,物料XXX,30℃,0.1MPa,,L,S30408,V1101液位,V1101,200mm,2000mm,1000mm,S20C14-23-04-06,DN50 PN16,,V,
'3CD52,TV,40604,物料XXX,30℃,0.1MPa,,L,S30408,V1101液位,V1101,200mm,2000mm,1000mm,S20C14-23-04-06,DN50 PN16,,V,
'3CD3C,XV,40604,物料XXX,30℃,0.1MPa,,L,S30408,V1101液位,V1101,200mm,2000mm,1000mm,S20C14-23-04-06,DN50 PN16,,V,
'3CD27,PG,40604,物料XXX,30℃,0.1MPa,,L,S30408,V1101液位,V1101,200mm,2000mm,1000mm,S20C14-23-04-06,DN50 PN16,,V,
'3CCED,TV,40603,物料XXX,30℃,0.1MPa,,L,S30408,V1101液位,V1101,200mm,2000mm,1000mm,S20C14-23-04-06,DN50 PN16,,V,
'3CCD7,XV,40603,物料XXX,30℃,0.1MPa,,L,S30408,V1101液位,V1101,200mm,2000mm,1000mm,S20C14-23-04-06,DN50 PN16,,V,
'3CCC2,PG,40603,物料XXX,30℃,0.1MPa,,L,S30408,V1101液位,V1101,200mm,2000mm,1000mm,S20C14-23-04-06,DN50 PN16,,V,
'3CC88,TV,40601,物料XXX,30℃,0.1MPa,,L,S30408,V1101液位,V1101,200mm,2000mm,1000mm,S20C14-23-04-06,DN50 PN16,,V,
'3CC72,XV,40601,物料XXX,30℃,0.1MPa,,L,S30408,V1101液位,V1101,200mm,2000mm,1000mm,S20C14-23-04-06,DN50 PN16,,V,
'3CC3B,TV,40605,物料XXX,30℃,0.1MPa,,L,S30408,V1101液位,V1101,200mm,2000mm,1000mm,S20C14-23-04-06,DN50 PN16,,V,
'3CC25,XV,40605,物料XXX,30℃,0.1MPa,,L,S30408,V1101液位,V1101,200mm,2000mm,1000mm,S20C14-23-04-06,DN50 PN16,,V,
'3CC0F,PG,40605,物料XXX,30℃,0.1MPa,,L,S30408,V1101液位,V1101,200mm,2000mm,1000mm,S20C14-23-04-06,DN50 PN16,,V,
'3CBD6,TV,40606,物料XXX,30℃,0.1MPa,,L,S30408,V1101液位,V1101,200mm,2000mm,1000mm,S20C14-23-04-06,DN50 PN16,,V,
'3CBC0,XV,40611,物料XXX,30℃,0.1MPa,,L,S30408,V1101液位,V1101,200mm,2000mm,1000mm,S20C14-23-04-06,DN50 PN16,,V,
'3CBAA,PG,40606,物料XXX,30℃,0.1MPa,,L,S30408,V1101液位,V1101,200mm,2000mm,1000mm,S20C14-23-04-06,DN50 PN16,,V,
'3CB65,XV,40617,物料XXX,30℃,0.1MPa,,L,S30408,V1101液位,V1101,200mm,2000mm,1000mm,S20C14-23-04-06,DN50 PN16,,V,
'3CB4C,XV,40616,物料XXX,30℃,0.1MPa,,L,S30408,V1101液位,V1101,200mm,2000mm,1000mm,S20C14-23-04-06,DN50 PN16,,V,
'3CB21,TV,40607,物料XXX,30℃,0.1MPa,,L,S30408,V1101液位,V1101,200mm,2000mm,1000mm,S20C14-23-04-06,DN50 PN16,,V,
'3CB0B,XV,40615,物料XXX,30℃,0.1MPa,,L,S30408,V1101液位,V1101,200mm,2000mm,1000mm,S20C14-23-04-06,DN50 PN16,,V,
'3CAF1,XV,40606,物料XXX,30℃,0.1MPa,,L,S30408,V1101液位,V1101,200mm,2000mm,1000mm,S20C14-23-04-06,DN50 PN16,,V,
'3CAD0,XV,40608,物料XXX,30℃,0.1MPa,,L,S30408,V1101液位,V1101,200mm,2000mm,1000mm,S20C14-23-04-06,DN50 PN16,,V,
'3CABB,XV,40607,物料XXX,30℃,0.1MPa,,L,S30408,V1101液位,V1101,200mm,2000mm,1000mm,S20C14-23-04-06,DN50 PN16,,V,
'3CA9F,PV,40604,物料XXX,30℃,0.1MPa,,L,S30408,V1101液位,V1101,200mm,2000mm,1000mm,S20C14-23-04-06,DN50 PN16,,V,
'3CA88,FIC,40601,物料XXX,30℃,0.1MPa,,L,S30408,V1101压力,,200mm,2000mm,1000mm,S20C14-23-04-06,,,V,
'3CA72,PV,40605,物料XXX,30℃,0.1MPa,,L,S30408,V1101液位,V1101,200mm,2000mm,1000mm,S20C14-23-04-06,DN50 PN16,,V,
'3CA5C,TIC,40601,物料XXX,30℃,0.1MPa,,L,S30408,V1101压力,,200mm,2000mm,1000mm,S20C14-23-04-06,,,V,
'3CA46,PIR,40607,物料XXX,30℃,0.1MPa,,L,S30408,V1101压力,,200mm,2000mm,1000mm,S20C14-23-04-06,,,V,
'3CA30,IR,1101,物料XXX,30℃,0.1MPa,,L,S30408,V1101压力,,200mm,2000mm,1000mm,S20C14-23-04-06,,,V,
'3CA1A,ARA,40601,物料XXX,30℃,0.1MPa,,L,S30408,V1101压力,,200mm,2000mm,1000mm,S20C14-23-04-06,,,V,
'3CA04,TCRA,40602,物料XXX,30℃,0.1MPa,,L,S30408,V1101压力,,200mm,2000mm,1000mm,S20C14-23-04-06,,,V,
'3C9DC,PG,40608,物料XXX,30℃,0.1MPa,,L,S30408,V1101液位,V1101,200mm,2000mm,1000mm,S20C14-23-04-06,DN50 PN16,,V,
'3C9C8,PG,40602,物料XXX,30℃,0.1MPa,,L,S30408,V1101液位,V1101,200mm,2000mm,1000mm,S20C14-23-04-06,DN50 PN16,,V,
