数据ID,管道编号,工作介质,工作温度,工作压力,相态,管道起点,管道终点,流程图号,保温材料,
'6D38E,PL0940203-40-2F1,盐酸,30℃,0.3MPa,液态,P090517,快速接头,S19C42-01-04-02,,
'6D1C0,PL0941206-65-2F1,乙醇、盐酸、乙醇,30℃,0.3MPa,液态,快速接头,快速接头,S19C42-01-04-12,,
'6D1B1,PL0941015-65-2F1,DMF、二氯甲烷、乙醇,30℃,0.3MPa,液态,快速接头,快速接头,S19C42-01-04-10,,
'6D1A2,PL0940915-65-2F1,醋酐、醋酸、盐酸、乙腈、DMF、二氯甲烷、乙醇,30℃,0.3MPa,液态,快速接头,快速接头,S19C42-01-04-09,,
'6D193,PL0940809-65-2F1,二氯甲烷、甲苯、甲醇,30℃,0.3MPa,液态,快速接头,快速接头,S19C42-01-04-08,,
'6D184,PL0940707-65-2F1,二氯甲烷、甲苯、乙醇,30℃,0.3MPa,液态,快速接头,快速接头,S19C42-01-04-07,,
'6D175,PL0940608-65-2F1,二氯甲烷、甲苯、甲醇,30℃,0.3MPa,液态,快速接头,快速接头,S19C42-01-04-06,,
'6D166,PL0940516-65-2F1,二氯甲烷、甲苯、甲醇,30℃,0.3MPa,液态,快速接头,快速接头,S19C42-01-04-05,,
'6D157,PL0940407-65-2F1,甲醇、盐酸、二氯甲烷、三乙胺、DMF、乙醇,30℃,0.3MPa,液态,快速接头,快速接头,S19C42-01-04-04,,
'6D148,PL0940309-65-2F1,甲醇、盐酸、二氯甲烷、三乙胺、DMF、乙醇,30℃,0.3MPa,液态,快速接头,快速接头,S19C42-01-04-03,,
'6D139,PL0940208-65-2F1,二氯甲烷、三乙胺、盐酸、三乙胺、DMF、丙醛、乙醇,30℃,0.3MPa,液态,快速接头,快速接头,S19C42-01-04-02,,
'6D12A,PL0940106-65-2F1,盐酸、乙腈、三乙胺、乙醇,30℃,0.3MPa,液态,快速接头,快速接头,S19C42-01-04-01,,
'6D00F,PL0941201-40-2F1,乙醇、盐酸、乙醇,30℃,0.3MPa,液态,快速接头,R090504,S19C42-01-04-12,,
'6CF9D,PL0940701-40-2F1,二氯甲烷、甲苯、甲醇,30℃,0.3MPa,液态,快速接头,R090503,S19C42-01-04-07,,
'6CF5E,PL0940501-65-2F1,盐酸、二氯甲烷、乙醇,30℃,0.09MPa,液态,快速接头,R090401,S19C42-01-04-05,,
'6CF1F,PL0940401-40-2F1,DMF、乙醇,30℃,0.3MPa,液态,快速接头,R090502,S19C42-01-04-04,,
'6CCDD,PL0941205-50-2F1,乙醇、盐酸、乙醇,30℃,0.09MPa,液态,快速接头,VXXXXX,S19C42-01-04-12,,
'6CCD1,PL0941207-65-2F1,乙醇、盐酸、乙醇,30℃,0.3MPa,液态,快速接头,快速接头,S19C42-01-04-12,,
'6CCA6,PL0941013-65-2F1,DMF、二氯甲烷、乙醇,30℃,0.09MPa,液态,快速接头,VXXXXX,S19C42-01-04-10,,
'6CC9A,PL0941014-65-2F1,DMF、二氯甲烷、乙醇,30℃,0.3MPa,液态,快速接头,快速接头,S19C42-01-04-10,,
'6CC6F,PL0940913-65-2F1,醋酐、醋酸、盐酸、乙腈、DMF、二氯甲烷、乙醇,30℃,0.09MPa,液态,快速接头,VXXXXX,S19C42-01-04-09,,
'6CC63,PL0940912-65-2F1,醋酐、醋酸、盐酸、乙腈、DMF、二氯甲烷、乙醇,30℃,0.3MPa,液态,快速接头,快速接头,S19C42-01-04-09,,
'6CC38,PL0940807-65-2J1,二氯甲烷、甲苯、甲醇,30℃,0.09MPa,液态,快速接头,VXXXXX,S19C42-01-04-08,,
'6CC2C,PL0940808-65-2F1,二氯甲烷、甲苯、甲醇,30℃,0.3MPa,液态,快速接头,快速接头,S19C42-01-04-08,,
'6CC01,PL0940705-50-2F1,二氯甲烷、甲苯、乙醇,30℃,0.09MPa,液态,快速接头,VXXXXX,S19C42-01-04-07,,
'6CBF5,PL0940706-65-2F1,二氯甲烷、甲苯、乙醇,30℃,0.3MPa,液态,快速接头,快速接头,S19C42-01-04-07,,
'6CBCA,PL0940609-65-2J1,二氯甲烷、甲苯、甲醇,30℃,0.09MPa,液态,快速接头,VXXXXX,S19C42-01-04-06,,
'6CBBE,PL0940610-65-2F1,二氯甲烷、甲苯、甲醇,30℃,0.3MPa,液态,快速接头,快速接头,S19C42-01-04-06,,
'6CB93,PL0940515-65-2F1,二氯甲烷、甲苯、甲醇,30℃,0.09MPa,液态,快速接头,VXXXXX,S19C42-01-04-05,,
'6CB87,PL0940514-65-2F1,二氯甲烷、甲苯、甲醇,30℃,0.3MPa,液态,快速接头,快速接头,S19C42-01-04-05,,
'6CB5C,PL0940406-50-2F1,甲醇、盐酸、二氯甲烷、三乙胺、DMF、乙醇,30℃,0.09MPa,液态,快速接头,VXXXXX,S19C42-01-04-04,,
'6CB50,PL0940405-65-2F1,甲醇、盐酸、二氯甲烷、三乙胺、DMF、乙醇,30℃,0.3MPa,液态,快速接头,快速接头,S19C42-01-04-04,,
'6CB25,PL0940308-65-2F1,甲醇、盐酸、二氯甲烷、三乙胺、DMF、乙醇,30℃,0.09MPa,液态,快速接头,VXXXXX,S19C42-01-04-03,,
'6CB19,PL0940307-65-2F1,甲醇、盐酸、二氯甲烷、三乙胺、DMF、乙醇,30℃,0.3MPa,液态,快速接头,快速接头,S19C42-01-04-03,,
'6CAEE,PL0940207-50-2F1,二氯甲烷、三乙胺、盐酸、三乙胺、DMF、丙醛、乙醇,30℃,0.09MPa,液态,快速接头,VXXXXX,S19C42-01-04-02,,
'6CAE2,PL0940206-65-2F1,二氯甲烷、三乙胺、盐酸、三乙胺、DMF、丙醛、乙醇,30℃,0.3MPa,液态,快速接头,快速接头,S19C42-01-04-02,,
'6CAB7,PL0940104-50-2F1,盐酸、乙腈、三乙胺、乙醇,30℃,0.09MPa,液态,快速接头,VXXXXX,S19C42-01-04-01,,
'6CAAB,PL0940105-65-2F1,盐酸、乙腈、三乙胺、乙醇,30℃,0.3MPa,液态,快速接头,快速接头,S19C42-01-04-01,,
'6C126,PL0940914-65-2F1,醋酐、醋酸、盐酸、乙腈、DMF、二氯甲烷、乙醇,30℃,0.09MPa,液态,快速接头,快速接头,S19C42-01-04-09,,
'6BB63,PL0940513-65-2F1,二氯甲烷、甲苯、甲醇,30℃,0.3MPa,液态,E090202,V090202,S19C42-01-04-05,,
'6BB23,RERS0940504-65-2A3-C5,冷乙二醇供水,-15℃,0.3MPa,液态,RERS0951201-250-2A3-C5,E090202,S19C42-01-04-05,,
'6BB17,RERR0940504-65-2A3-C5,冷乙二醇回水,-10℃,0.25MPa,液态,E090202,RERR0951201-250-2A3-C5,S19C42-01-04-05,聚氨酯泡沫（B1级）,
'6BAEC,PL0940512-65-2F1,二氯甲烷、甲苯、甲醇,30℃,0.09MPa,液态,E090201,V090201,S19C42-01-04-05,,
'6BAAC,RERS0940503-65-2A3-C5,冷乙二醇供水,-15℃,0.3MPa,液态,RERS0951201-250-2A3-C5,E090201,S19C42-01-04-05,,
'6BAA0,RERR0940503-65-2A3-C5,冷乙二醇回水,-10℃,0.25MPa,液态,E090201,RERR0951201-250-2A3-C5,S19C42-01-04-05,聚氨酯泡沫（B1级）,
'6BA77,PL0940916-65-2F1,醋酐、醋酸、盐酸、乙腈、DMF、二氯甲烷、乙醇,30℃,0.09MPa,液态,E090206,V090206,S19C42-01-04-09,,
'6BA37,RERS0940903-65-2A3-C5,冷乙二醇供水,-15℃,0.3MPa,液态,RERS0951201-250-2A3-C5,E090206,S19C42-01-04-09,,
'6BA2B,RERR0940903-65-2A3-C5,冷乙二醇回水,-10℃,0.25MPa,液态,E090206,RERR0951201-250-2A3-C5,S19C42-01-04-09,聚氨酯泡沫（B1级）,
'67325,VTA0941102-40-2J1,甲苯、甲醇,40℃,0.005MPa,气态,V090104,VTA0950601-300-2J1,S19C42-01-04-11,,
'6730C,VTL0940902-25-2H1,二氯甲烷、甲苯、乙醇,40℃,0.005MPa,气态,V090206,VTL0950801-300-2H1,S19C42-01-04-09,,
'672F3,VTL0940602-40-2H1,二氯甲烷、甲苯、乙醇,40℃,0.005MPa,气态,V090501,VTL0950801-300-2H1,S19C42-01-04-06,,
'672DA,VTL0940503-40-2H1,二氯甲烷、甲苯、乙醇,40℃,0.005MPa,气态,V090202,VTL0950801-300-2H1,S19C42-01-04-05,,
'672C1,VTS0940503-40-2H1,盐酸、乙醇,40℃,0.005MPa,气态,V090202,VTS0950701-200-2H1,S19C42-01-04-05,,
'672A8,VTL0940502-40-2H1,二氯甲烷、甲苯、乙醇,40℃,0.005MPa,气态,V090201,VTL0950801-300-2H1,S19C42-01-04-05,,
'6728F,VTS0940502-40-2H1,盐酸、乙醇,40℃,0.005MPa,气态,V090201,VTS0950701-200-2H1,S19C42-01-04-05,,
'67276,VTL0940202-40-2H1,二氯甲烷、甲苯、乙醇,40℃,0.005MPa,气态,V090506,VTL0950801-300-2H1,S19C42-01-04-02,,
'6725D,VTS0940202-40-2H1,盐酸、甲醇等,40℃,0.005MPa,气态,V090506,VTS0950701-200-2H1,S19C42-01-04-02,,
'67208,VTL0941002-40-2H1,二氯甲烷、甲苯、乙醇,40℃,0.005MPa,气态,V090203,VTL0950801-300-2H1,S19C42-01-04-10,,
'66C24,PL0940511-50-2F1,二氯甲烷、甲苯、甲醇,30℃,0.3MPa,液态,快速接头,E090202,S19C42-01-04-05,,
'66BF4,PL0940805-65-2F1,二氯甲烷、甲苯、甲醇,30℃,0.09MPa,液态,快速接头,F090201,S19C42-01-04-08,,
'66BE8,PL0940607-65-2F1,二氯甲烷、甲苯、甲醇,30℃,0.09MPa,液态,快速接头,F090301,S19C42-01-04-06,,
'66A20,LN0941201-25-2J2,氮气,30℃,0.003MPa,气态,HN0941201-15-2J21,R090504,S19C42-01-04-12,,
'66A14,LN0941001-25-2J2,氮气,30℃,0.003MPa,气态,HN0941001-25-2J21,R090303,S19C42-01-04-10,,
'66A08,LN0940901-25-2J2,氮气,30℃,0.003MPa,气态,HN0940901-15-2J21,R090302,S19C42-01-04-09,,
'669FC,LN0940801-25-2J2,氮气,30℃,0.003MPa,气态,HN0940801-15-2J21,R090404,S19C42-01-04-08,,
'669F0,LN0940701-25-2J2,氮气,30℃,0.003MPa,气态,HN0940701-15-2J21,R090503,S19C42-01-04-07,,
'669E4,LN0940601-25-2J2,氮气,30℃,0.003MPa,气态,HN0940602-25-2J21,V090402,S19C42-01-04-06,,
'669D8,LN0940501-25-2J2,氮气,30℃,0.003MPa,气态,HN0940501-25-2J21,R090401,S19C42-01-04-05,,
'669CC,LN0940401-25-2J2,氮气,30℃,0.003MPa,气态,HN0940401-15-2J21,R090502,S19C42-01-04-04,,
'669C0,LN0940301-25-2J2,氮气,30℃,0.003MPa,气态,HN0940301-25-2J21,R090301,S19C42-01-04-03,,
'669B4,LN0940201-25-2J2,氮气,30℃,0.003MPa,气态,HN0940201-25-2J21,R090402,S19C42-01-04-02,,
'669A8,LN0940101-25-2J2,氮气,30℃,0.003MPa,气态,HN0940101-15-2J21,R090501,S19C42-01-04-01,,
'668C4,PL0941107-40-2J1,二氯甲烷、甲苯、甲醇,30℃,0.3MPa,液态,P090114,废水处理釜,S19C42-01-04-11,,
'668B8,PL0941010-50-2F1,DMF、二氯甲烷、乙醇,30℃,0.3MPa,液态,快速接头,R090303,S19C42-01-04-10,,
'668AC,PL0941011-50-2F1,二氯甲烷、甲苯、甲醇,30℃,0.3MPa,液态,快速接头,R090303,S19C42-01-04-10,,
'668A0,PL0941012-50-2F1,DMF、二氯甲烷、乙醇,30℃,0.3MPa,液态,快速接头,R090303,S19C42-01-04-10,,
'66894,PL0940909-50-2F1,醋酐、醋酸、盐酸、乙腈、DMF、二氯甲烷、乙醇,30℃,0.3MPa,液态,快速接头,R090302,S19C42-01-04-09,,
'66888,PL0940910-50-2F1,醋酐、醋酸、盐酸、乙腈、DMF、二氯甲烷、乙醇,30℃,0.3MPa,液态,快速接头,R090302,S19C42-01-04-09,,
'6687C,PL0940911-50-2F1,醋酐、醋酸、盐酸、乙腈、DMF、二氯甲烷、乙醇,30℃,0.3MPa,液态,快速接头,R090302,S19C42-01-04-09,,
'66870,PL0940606-65-2F1,二氯甲烷、正庚烷、甲苯、乙醇,30℃,0.09MPa,液态,快速接头,R090403,S19C42-01-04-06,,
'66864,PL0940306-25-2F1,甲醇、盐酸、二氯甲烷、三乙胺、DMF、乙醇,30℃,0.09MPa,液态,快速接头,R090301,S19C42-01-04-03,,
'66858,PL0940205-25-2F1,二氯甲烷、三乙胺、盐酸、三乙胺、DMF、丙醛、乙醇,30℃,0.09MPa,液态,快速接头,R090402,S19C42-01-04-02,,
'6684C,PL0940101-25-2F1,二氯甲烷、三乙胺、盐酸、三乙胺、DMF、丙醛、乙醇,30℃,0.09MPa,液态,快速接头,R090402,S19C42-01-04-01,,
'66840,PL0940102-25-2F1,二氯甲烷、三乙胺、盐酸、三乙胺、DMF、丙醛、乙醇,30℃,0.09MPa,液态,R090501,R090402,S19C42-01-04-01,,
'66690,VT0941202-40-2H1,乙醇、盐酸、乙醇,40℃,0.005MPa,气态,R090504,VT0941201-40-2H1,S19C42-01-04-12,,
'66684,VT0941002-65-2H1,DMF、二氯甲烷、乙醇,40℃,0.005MPa,气态,R090303,VT0941001-65-2H1,S19C42-01-04-10,,
'66678,VT0940902-65-2H1,醋酐、醋酸、盐酸、乙腈、DMF、二氯甲烷、乙醇,40℃,0.005MPa,气态,R090302,VT0940901-65-2H1,S19C42-01-04-09,,
'6666C,VT0940802-65-2H1,二氯甲烷、甲苯、乙醇,40℃,0.005MPa,气态,R090404,VT0940801-65-2H1,S19C42-01-04-08,,
'66660,VT0940702-40-2H1,乙腈、盐酸、乙醇,40℃,0.005MPa,气态,R090503,VT0940701-40-2J1,S19C42-01-04-07,,
'66654,VT0940602-65-2H1,二氯甲烷、正庚烷、甲苯、乙醇,40℃,0.005MPa,气态,R090403,VT0940601-65-2H1,S19C42-01-04-06,,
'66648,VT0940502-65-2H1,盐酸、二氯甲烷、乙醇,40℃,0.005MPa,气态,R090401,VT0940501-65-2H1,S19C42-01-04-05,,
'6663C,VT0940402-65-2H1,DMF、乙醇,40℃,0.005MPa,气态,R090502,VT0940401-65-2H1,S19C42-01-04-04,,
'66630,VT0940302-65-2H1,甲醇、盐酸、二氯甲烷、三乙胺、DMF、乙醇,40℃,0.005MPa,气态,R090301,VT0940301-65-2H1,S19C42-01-04-03,,
'66624,VT0940202-50-2H1,二氯甲烷、三乙胺、盐酸、三乙胺、DMF、丙醛、乙醇,40℃,0.005MPa,气态,R090402,VT0940201-50-2H1,S19C42-01-04-02,,
'66618,VT0940101-40-2H1,盐酸、乙腈、三乙胺、乙醇,40℃,0.005MPa,气态,E090501,VT0940102-40-2H1,S19C42-01-04-01,,
'6486F,PL0941009-50-2J1,DMF、二氯甲烷、乙醇,30℃,0.3MPa,液态,P090203,快速接头,S19C42-01-04-10,,
'6475C,PL0940305-65-2F1,甲醇、盐酸、二氯甲烷、三乙胺、DMF、乙醇,30℃,0.09MPa,液态,R090301,快速接头,S19C42-01-04-03,,
'64736,PL0940304-65-2F1,甲醇、盐酸、二氯甲烷、三乙胺、DMF、乙醇,30℃,0.09MPa,液态,R090301,快速接头,S19C42-01-04-03,,
'64706,PL0940905-65-2F1,醋酐、醋酸、盐酸、乙腈、DMF、二氯甲烷、乙醇,30℃,0.09MPa,液态,R090302,快速接头,S19C42-01-04-09,,
'63480,VTL0941001-40-2H1,DMF、二氯甲烷、乙醇,40℃,0.005MPa,气态,R090303,VTL0950801-300-2H1,S19C42-01-04-10,,
'63474,VTA0941001-40-2J1,DMF、乙醇,40℃,0.005MPa,气态,R090303,VTA0950601-300-2J1,S19C42-01-04-10,,
'6344C,VTL0940901-40-2H1,醋酐、醋酸、盐酸、乙腈、DMF、二氯甲烷、乙醇,40℃,0.005MPa,气态,R090302,VTL0950801-300-2H1,S19C42-01-04-09,,
'63440,VTS0940901-40-2H1,醋酐、醋酸、盐酸、乙腈、DMF、乙醇,40℃,0.005MPa,气态,R090302,VTS0950701-200-2H1,S19C42-01-04-09,,
'63434,VTA0940901-40-2J1,乙腈、DMF、乙醇,40℃,0.005MPa,气态,R090302,VTA0950601-300-2J1,S19C42-01-04-09,,
'633FE,VTL0940801-40-2H1,二氯甲烷、甲苯、乙醇,40℃,0.005MPa,气态,R090404,VTL0950801-300-2H1,S19C42-01-04-08,,
'633F2,VTA0940801-40-2J1,甲苯、乙醇,40℃,0.005MPa,气态,R090404,VTA0950601-300-2J1,S19C42-01-04-08,,
'61D96,VA0941201-40-2F1,乙醇、盐酸、乙醇,30℃,-0.098MPa,气态,R090504,VA0950402-100-2F1,S19C42-01-04-12,,
'61D4F,VT0941201-40-2H1,乙醇、盐酸、乙醇,40℃,0.005MPa,气态,R090504,快速接头,S19C42-01-04-12,,
'61CCB,VT0941001-65-2H1,DMF、二氯甲烷、乙醇,40℃,0.005MPa,气态,R090303,快速接头,S19C42-01-04-10,,
'61CBA,VA0941001-50-2F1,DMF、二氯甲烷、乙醇,30℃,-0.098MPa,气态,R090303,VA0950402-100-2F1,S19C42-01-04-10,,
'61C30,VT0940901-65-2H1,醋酐、醋酸、盐酸、乙腈、DMF、二氯甲烷、乙醇,40℃,0.005MPa,气态,R090302,快速接头,S19C42-01-04-09,,
'61B95,VT0940801-65-2H1,二氯甲烷、甲苯、乙醇,40℃,0.005MPa,气态,R090404,快速接头,S19C42-01-04-08,,
'61B7F,VA0940801-50-2F1,二氯甲烷、甲苯、乙醇,30℃,-0.098MPa,气态,R090404,VA0950402-100-2F1,S19C42-01-04-08,,
'61B2D,VA0940701-40-2F1,乙腈、盐酸、乙醇,30℃,-0.098MPa,气态,R090503,VA0950402-100-2F1,S19C42-01-04-07,,
'61AFA,VT0940701-40-2H1,乙腈、盐酸、乙醇,40℃,0.005MPa,气态,R090503,快速接头,S19C42-01-04-07,,
'61A17,VT0940401-65-2H1,DMF、乙醇,40℃,0.005MPa,气态,R090502,快速接头,S19C42-01-04-04,,
'617AE,VTL0940501-65-2H1,盐酸、二氯甲烷、乙醇,40℃,0.005MPa,气态,R090401,VTL0950801-300-2H1,S19C42-01-04-05,,
'617A2,VTS0940501-65-2H1,盐酸、乙醇,40℃,0.005MPa,气态,R090401,VTS0950701-200-2H1,S19C42-01-04-05,,
'61796,VTA0940501-65-2J1,乙醇,40℃,0.005MPa,气态,R090401,VTA0950601-300-2J1,S19C42-01-04-05,,
'61760,VTL0940601-65-2H1,二氯甲烷、正庚烷、甲苯、乙醇,40℃,0.005MPa,气态,R090403,VTL0950801-300-2H1,S19C42-01-04-06,,
'61754,VTA0940601-65-2J1,正庚烷、甲苯、乙醇,40℃,0.005MPa,气态,R090403,VTA0950601-300-2J1,S19C42-01-04-06,,
'6172C,VTL0940301-65-2H1,二氯甲烷、甲醇、盐酸、二氯甲烷、三乙胺、DMF、乙醇,40℃,0.005MPa,气态,R090301,VTL0950801-300-2H1,S19C42-01-04-03,,
'61720,VTS0940301-65-2H1,甲醇、盐酸、三乙胺、DMF、乙醇,40℃,0.005MPa,气态,R090301,VTS0950701-200-2H1,S19C42-01-04-03,,
'61714,VTA0940301-65-2J1,甲醇、三乙胺、DMF、乙醇,40℃,0.005MPa,气态,R090301,VTA0950601-300-2J1,S19C42-01-04-03,,
'61690,VTL0940201-50-2H1,二氯甲烷、三乙胺、盐酸、三乙胺、DMF、丙醛、乙醇,40℃,0.005MPa,气态,R090402,VTL0950801-300-2H1,S19C42-01-04-02,,
'61684,VTS0940201-50-2H1,三乙胺、盐酸、三乙胺、DMF、丙醛、乙醇,40℃,0.005MPa,气态,R090402,VTS0950701-200-2H1,S19C42-01-04-02,,
'61678,VTA0940201-50-2J1,三乙胺、三乙胺、DMF、丙醛、乙醇,40℃,0.005MPa,气态,R090402,VTA0950601-300-2J1,S19C42-01-04-02,,
'61604,VTL0941201-40-2H1,二氯甲烷、乙醇、盐酸、乙醇,40℃,0.005MPa,气态,R090504,VTL0950801-300-2H1,S19C42-01-04-12,,
'615F8,VTS0941201-40-2H1,乙醇、盐酸、乙醇,40℃,0.005MPa,气态,R090504,VTS0950701-200-2H1,S19C42-01-04-12,,
'615EC,VTA0941201-40-2J1,乙醇、乙醇,40℃,0.005MPa,气态,R090504,VTA0950601-300-2J1,S19C42-01-04-12,,
'615B6,VTL0940701-40-2H1,二氯甲烷、乙腈、盐酸、乙醇,40℃,0.005MPa,气态,R090503,VTL0950801-300-2H1,S19C42-01-04-07,,
'615AA,VTS0940701-40-2H1,乙腈、盐酸、乙醇,40℃,0.005MPa,气态,R090503,VTS0950701-200-2H1,S19C42-01-04-07,,
'6159E,VTA0940701-40-2J1,乙腈、乙醇,40℃,0.005MPa,气态,R090503,VTA0950601-300-2J1,S19C42-01-04-07,,
'61568,VTL0940401-40-2H1,二氯甲烷、DMF、乙醇,40℃,0.005MPa,气态,R090502,VTL0950801-300-2H1,S19C42-01-04-04,,
'6155C,VTS0940401-40-2H1,盐酸、乙醇,40℃,0.005MPa,气态,R090502,VTS0950701-200-2H1,S19C42-01-04-04,,
'61550,VTA0940401-40-2J1,DMF、乙醇,40℃,0.005MPa,气态,R090502,VTA0950601-300-2J1,S19C42-01-04-04,,
'6151A,VTL0940101-40-2H1,二氯甲烷、盐酸、乙腈、三乙胺、乙醇,40℃,0.005MPa,气态,R090501,VTL0950801-300-2H1,S19C42-01-04-01,,
'6150E,VTS0940101-40-2H1,盐酸、乙腈、三乙胺、乙醇,40℃,0.005MPa,气态,R090501,VTS0950701-200-2H1,S19C42-01-04-01,,
'61502,VTA0940101-40-2J1,乙腈、三乙胺、乙醇,40℃,0.005MPa,气态,R090501,VTA0950601-300-2J1,S19C42-01-04-01,,
'53397,PL0941101-50-2F1-C5,二氯甲烷、正庚烷、三乙胺、丙醛,30℃,0.09MPa,液态,快速接头,C090201,S19C42-01-04-11,,
'51FBE,PL0941106-40-2J1,二氯甲烷、甲苯、甲醇,30℃,0.3MPa,液态,PL0941103-50-2H1,快速接头,S19C42-01-04-11,,
'51F76,PL0941105-40-2J1,二氯甲烷、甲苯、甲醇,30℃,0.3MPa,液态,P090114,快速接头,S19C42-01-04-11,,
'51F6A,PL0941104-50-2J1,二氯甲烷、甲苯、甲醇,30℃,0.09MPa,液态,V090104,P090114,S19C42-01-04-11,,
'51F17,PL0941204-50-2F1-C5,乙醇、盐酸、乙醇,30℃,0.09MPa,液态,R090504,快速接头,S19C42-01-04-12,,
'51E7A,PW0941201-25-1J1,纯化水,30℃,0.3MPa,液态,PW0951101-50-1J1-H5,R090504,S19C42-01-04-12,,
'51CA1,PG0941201-125-2F1-P5,乙醇、盐酸、乙醇,100℃,-0.098~0.25MPa,气态,R090504,E090504,S19C42-01-04-12,,
'51C95,QX0941202-25-2F1,水等,40℃,0.3MPa,液态,QX0941201-25-2J1,R090504,S19C42-01-04-12,,
'51C89,QX0941201-25-2F1,水等,40℃,0.3MPa,液态,快速接头,PL0941202-50-2H1,S19C42-01-04-12,,
'51C7D,PL0941203-50-2F1,乙醇、盐酸、乙醇,30℃,0.09MPa,液态,E090504,R090504,S19C42-01-04-12,,
'51C71,PL0941202-40-2F1,乙醇、盐酸、乙醇,30℃,0.3MPa,液态,快速接头,R090504,S19C42-01-04-12,,
'51C65,ERR0941202-25-2A3-H5,乙二醇回水,-10~95℃,0.4MPa,液态,ERR0941201-50-2J13-H5,CERR0941201-40-2J13,S19C42-01-04-12,硅酸铝制品（B1级）,
'51C59,ERR0941201-50-2A3-H5,乙二醇回水,-10~95℃,0.4MPa,液态,R090504,P090504,S19C42-01-04-12,硅酸铝制品（B1级）,
'51C4D,ERS0941201-50-2A3-H5,乙二醇供水,100℃,0.45MPa,液态,P090504,R090504,S19C42-01-04-12,硅酸铝制品（B1级）,
'51C41,RERS0941201-40-2A3-C5,冷乙二醇供水,-15℃,0.3MPa,液态,RERS0951201-250-2A3-C5,P090504,S19C42-01-04-12,,
'51C35,CERS0941201-40-2A3,常温乙二醇供水,32℃,0.3MPa,液态,CERS0951301-250-2A3,P090504,S19C42-01-04-12,,
'51C29,HERS0941201-40-2A3-H5,热乙二醇供水,100℃,0.3MPa,液态,HERS0951401-200-2A3-H5,P090504,S19C42-01-04-12,,
'51C1D,RERR0941201-40-2A3-C5,冷乙二醇回水,-10℃,0.25MPa,液态,R090504,RERR0951201-250-2A3-C5,S19C42-01-04-12,聚氨酯泡沫（B1级）,
'51C11,CERR0941201-40-2A3,常温乙二醇回水,37℃,0.25MPa,液态,R090504,CERR0951301-250-2A3,S19C42-01-04-12,,
'51C05,HERR0941201-40-2A3-H5,热乙二醇回水,95℃,0.25MPa,液态,R090504,HERR0951401-200-2A3-H5,S19C42-01-04-12,,
'51BF9,CERS0941202-40-2A3,常温乙二醇供水,32℃,0.3MPa,液态,CERS0951301-250-2A3,E090504,S19C42-01-04-12,,
'51BED,RERS0941202-40-2A3-C5,冷乙二醇供水,-15℃,0.3MPa,液态,RERS0951201-250-2A3-C5,E090504,S19C42-01-04-12,,
'51BE1,CERR0941202-40-2A3,常温乙二醇回水,37℃,0.25MPa,液态,E090504,CERR0951301-250-2A3,S19C42-01-04-12,,
'51BD5,RERR0941202-40-2A3-C5,冷乙二醇回水,-10℃,0.25MPa,液态,E090504,RERR0951201-250-2A3-C5,S19C42-01-04-12,聚氨酯泡沫（B1级）,
'51BC9,GPR0941201-100-2J1,低压氮气等,30℃,0.005MPa,气态,R090504,GPR0950802-150-2J1,S19C42-01-04-12,,
'51BBD,HN0941201-15-2J2,氮气,30℃,0.1MPa,气态,N0950902-65-2J2,R090504,S19C42-01-04-12,,
'51A0F,VG0941101-100-2J1,二氯甲烷、甲苯、甲醇,30℃,-0.098MPa,气态,D090102,快接头,S19C42-01-04-11,,
'519F4,HN0941103-25-2J2,氮气,30℃,0.1MPa,气态,N0950902-65-2J2,D090102,S19C42-01-04-11,,
'518F7,ERR0941102-25-2A3-H5,乙二醇回水,-10~95℃,0.4MPa,液态,ERR0941101-50-2J13-H5,CERR0941101-40-2J13,S19C42-01-04-11,硅酸铝制品（B1级）,
'518EB,ERR0941101-50-2A3-H5,乙二醇回水,-10~95℃,0.4MPa,液态,D090102,P090102,S19C42-01-04-11,硅酸铝制品（B1级）,
'518DF,ERS0941101-50-2A3-H5,乙二醇供水,100℃,0.45MPa,液态,P090102,D090102,S19C42-01-04-11,硅酸铝制品（B1级）,
'518D3,CERS0941101-40-2A3,常温乙二醇供水,32℃,0.3MPa,液态,CERS0951301-250-2A3,P090102,S19C42-01-04-11,,
'518C7,HERS0941101-40-2A3-H5,热乙二醇供水,100℃,0.3MPa,液态,HERS0951401-200-2A3-H5,P090102,S19C42-01-04-11,,
'518BB,CERR0941101-40-2A3,常温乙二醇回水,37℃,0.25MPa,液态,D090102,CERR0951301-250-2A3,S19C42-01-04-11,,
'518AF,HERR0941101-40-2A3-H5,热乙二醇回水,95℃,0.25MPa,液态,D090102,HERR0951401-200-2A3-H5,S19C42-01-04-11,,
'517FF,VTA0941101-40-2J1,正庚烷、三乙胺、丙醛,40℃,0.005MPa,气态,C090201,VTA0950601-300-2J1,S19C42-01-04-11,,
'517CE,HN0941101-25-2J2,氮气,30℃,0.1MPa,气态,N0950902-65-2J2,C090201,S19C42-01-04-11,,
'517B5,PL0941102-65-2F1-C5,二氯甲烷、正庚烷、三乙胺、丙醛,30℃,0.09MPa,液态,快速接头,C090201,S19C42-01-04-11,,
'51777,HN0941102-25-2J2,氮气,30℃,0.1MPa,气态,N0950902-65-2J2,V090104,S19C42-01-04-11,,
'5175C,VTL0941102-40-2H1,二氯甲烷、甲苯、乙醇,40℃,0.005MPa,气态,V090104,VTL0950801-300-2H1,S19C42-01-04-11,,
'51743,PL0941103-100-2F1,二氯甲烷、甲苯、甲醇,30℃,0.09MPa,液态,C090201,V090104,S19C42-01-04-11,,
'51707,VG0941001-65-2J1,二氯甲烷、甲苯、甲醇,30℃,-0.098MPa,气态,V090203,快接头,S19C42-01-04-10,,
'515FC,RERS0941003-65-2A3-C5,冷乙二醇供水,-15℃,0.3MPa,液态,RERS0951201-250-2A3-C5,E090203,S19C42-01-04-10,,
'515F0,RERR0941003-65-2A3-C5,冷乙二醇回水,-10℃,0.25MPa,液态,E090203,RERR0951201-250-2A3-C5,S19C42-01-04-10,聚氨酯泡沫（B1级）,
'515A0,PL0941005-50-2J1,三乙胺、甲苯、二氯甲烷,30℃,0.3MPa,液态,PL0941003-65-2H1,E090204,S19C42-01-04-10,,
'5157B,PL0941008-50-2J1,二氯甲烷、甲苯、甲醇,30℃,0.3MPa,液态,P090203,快速接头,S19C42-01-04-10,,
'5156F,PL0941007-65-2J1,二氯甲烷、甲苯、甲醇,30℃,0.09MPa,液态,V090203,P090203,S19C42-01-04-10,,
'51560,PL0941006-65-2J1,三乙胺、甲苯、二氯甲烷,30℃,0.09MPa,液态,E090203,V090203,S19C42-01-04-10,,
'51508,HN0941002-25-2J2,氮气,30℃,0.1MPa,气态,N0950902-65-2J2,V090203,S19C42-01-04-10,,
'514ED,VTA0941002-40-2J1,甲苯、甲醇,40℃,0.005MPa,气态,V090203,VTA0950601-300-2J1,S19C42-01-04-10,,
'51296,PL0941004-65-2F1-C5,DMF、二氯甲烷、乙醇,30℃,0.09MPa,液态,R090303,快速接头,S19C42-01-04-10,,
'5128A,PG0941001-125-2J1-P5,DMF、二氯甲烷、乙醇,100℃,-0.098~0.25MPa,气态,R090303,E090303,S19C42-01-04-10,,
'5127E,QX0941002-25-2J1,乙醇、水等,40℃,0.3MPa,液态,QX0941001-25-2J1,R090303,S19C42-01-04-10,,
'51272,QX0941001-25-2J1,乙醇、水等,40℃,0.3MPa,液态,快速接头,PL0941002-50-2H1,S19C42-01-04-10,,
'51266,PL0941003-50-2J1,DMF、二氯甲烷、乙醇,30℃,0.09MPa,液态,E090303,R090303,S19C42-01-04-10,,
'5125A,PL0941002-50-2F1,DMF、二氯甲烷、乙醇,30℃,0.3MPa,液态,快速接头,R090303,S19C42-01-04-10,,
'5124E,ERR0941002-25-2A3-H5,乙二醇回水,-10~95℃,0.4MPa,液态,ERR0941001-80-2J13-H5,CERR0941001-65-2J13,S19C42-01-04-10,硅酸铝制品（B1级）,
'51242,ERR0941001-80-2A3-H5,乙二醇回水,-10~95℃,0.4MPa,液态,R090303,P090303,S19C42-01-04-10,硅酸铝制品（B1级）,
'51236,ERS0941001-80-2A3-H5,乙二醇供水,100℃,0.45MPa,液态,P090303,R090303,S19C42-01-04-10,硅酸铝制品（B1级）,
'5122A,RERS0941001-65-2A3-C5,冷乙二醇供水,-15℃,0.3MPa,液态,RERS0951201-250-2A3-C5,P090303,S19C42-01-04-10,,
'5121E,CERS0941001-65-2A3,常温乙二醇供水,32℃,0.3MPa,液态,CERS0951301-250-2A3,P090303,S19C42-01-04-10,,
'51212,HERS0941001-65-2A3-H5,热乙二醇供水,100℃,0.3MPa,液态,HERS0951401-200-2A3-H5,P090303,S19C42-01-04-10,,
'51206,RERR0941001-65-2A3-C5,冷乙二醇回水,-10℃,0.25MPa,液态,R090303,RERR0951201-250-2A3-C5,S19C42-01-04-10,聚氨酯泡沫（B1级）,
'511FA,CERR0941001-65-2A3,常温乙二醇回水,37℃,0.25MPa,液态,R090303,CERR0951301-250-2A3,S19C42-01-04-10,,
'511EE,HERR0941001-65-2A3-H5,热乙二醇回水,95℃,0.25MPa,液态,R090303,HERR0951401-200-2A3-H5,S19C42-01-04-10,,
'511E2,CERS0941002-65-2A3,常温乙二醇供水,32℃,0.3MPa,液态,CERS0951301-250-2A3,E090303,S19C42-01-04-10,,
'511D6,RERS0941002-65-2A3-C5,冷乙二醇供水,-15℃,0.3MPa,液态,RERS0951201-250-2A3-C5,E090303,S19C42-01-04-10,,
'511CA,CERR0941002-65-2A3,常温乙二醇回水,37℃,0.25MPa,液态,E090303,CERR0951301-250-2A3,S19C42-01-04-10,,
'511BE,RERR0941002-65-2A3-C5,冷乙二醇回水,-10℃,0.25MPa,液态,E090303,RERR0951201-250-2A3-C5,S19C42-01-04-10,聚氨酯泡沫（B1级）,
'511B2,GPR0941001-125-2J1,低压氮气等,30℃,0.005MPa,气态,R090303,GPR0950802-150-2J1,S19C42-01-04-10,,
'511A6,HN0941001-25-2J2,氮气,30℃,0.1MPa,气态,N0950902-65-2J2,R090303,S19C42-01-04-10,,
'50FF1,PL0940908-50-2F1,二氯甲烷、甲苯、甲醇,30℃,0.3MPa,液态,P090206,快速接头,S19C42-01-04-09,,
'50FE5,PL0940907-65-2F1,二氯甲烷、甲苯、甲醇,30℃,0.09MPa,液态,V090206,P090206,S19C42-01-04-09,,
'50FD6,PL0940906-65-2F1,二氯甲烷、甲苯、甲醇,30℃,0.09MPa,液态,快速接头,E090206,S19C42-01-04-09,,
'50F7D,HN0940902-25-2J2,氮气,30℃,0.1MPa,气态,N0950902-65-2J2,V090206,S19C42-01-04-09,,
'50F62,VTA0940902-25-2J1,甲苯、甲醇,40℃,0.005MPa,气态,V090206,VTA0950601-300-2J1,S19C42-01-04-09,,
'50EB5,PL0940404-50-2F1,甲醇、盐酸、二氯甲烷、三乙胺、DMF、乙醇,30℃,0.09MPa,液态,R090502,R090301,S19C42-01-04-04,,
'50C8C,PL0940904-65-2F1,醋酐、醋酸、盐酸、乙腈、DMF、二氯甲烷、乙醇,30℃,0.09MPa,液态,R090302,快速接头,S19C42-01-04-09,,
'50C80,PG0940901-150-2F1-P5,醋酐、醋酸、盐酸、乙腈、DMF、二氯甲烷、乙醇,100℃,-0.098~0.25MPa,气态,R090302,E090302,S19C42-01-04-09,,
'50C74,QX0940902-25-2F1,乙醇、水等,40℃,0.3MPa,液态,QX0940901-25-2J1,R090302,S19C42-01-04-09,,
'50C68,QX0940901-25-2F1,乙醇、水等,40℃,0.3MPa,液态,快速接头,PL0940902-50-2H1,S19C42-01-04-09,,
'50C5C,PL0940903-65-2F1,醋酐、醋酸、盐酸、乙腈、DMF、二氯甲烷、乙醇,30℃,0.09MPa,液态,E090302,R090302,S19C42-01-04-09,,
'50C50,PL0940902-50-2F1,醋酐、醋酸、盐酸、乙腈、DMF、二氯甲烷、乙醇,30℃,0.3MPa,液态,快速接头,R090302,S19C42-01-04-09,,
'50C44,ERR0940902-25-2A3-H5,乙二醇回水,-10~95℃,0.4MPa,液态,ERR0940901-80-2J13-H5,CERR0940901-65-2J13,S19C42-01-04-09,硅酸铝制品（B1级）,
'50C38,ERR0940901-80-2A3-H5,乙二醇回水,-10~95℃,0.4MPa,液态,R090302,P090302,S19C42-01-04-09,硅酸铝制品（B1级）,
'50C2C,ERS0940901-80-2A3-H5,乙二醇供水,100℃,0.45MPa,液态,P090302,R090302,S19C42-01-04-09,硅酸铝制品（B1级）,
'50C20,RERS0940901-65-2A3-C5,冷乙二醇供水,-15℃,0.3MPa,液态,RERS0951201-250-2A3-C5,P090302,S19C42-01-04-09,,
'50C14,CERS0940901-65-2A3,常温乙二醇供水,32℃,0.3MPa,液态,CERS0951301-250-2A3,P090302,S19C42-01-04-09,,
'50C08,HERS0940901-65-2A3-H5,热乙二醇供水,100℃,0.3MPa,液态,HERS0951401-200-2A3-H5,P090302,S19C42-01-04-09,,
'50BFC,RERR0940901-65-2A3-C5,冷乙二醇回水,-10℃,0.25MPa,液态,R090302,RERR0951201-250-2A3-C5,S19C42-01-04-09,聚氨酯泡沫（B1级）,
'50BF0,CERR0940901-65-2A3,常温乙二醇回水,37℃,0.25MPa,液态,R090302,CERR0951301-250-2A3,S19C42-01-04-09,,
'50BE4,HERR0940901-65-2A3-H5,热乙二醇回水,95℃,0.25MPa,液态,R090302,HERR0951401-200-2A3-H5,S19C42-01-04-09,,
'50BD8,CERS0940902-65-2A3,常温乙二醇供水,32℃,0.3MPa,液态,CERS0951301-250-2A3,E090302,S19C42-01-04-09,,
'50BCC,RERS0940902-65-2A3-C5,冷乙二醇供水,-15℃,0.3MPa,液态,RERS0951201-250-2A3-C5,E090302,S19C42-01-04-09,,
'50BC0,CERR0940902-65-2A3,常温乙二醇回水,37℃,0.25MPa,液态,E090302,CERR0951301-250-2A3,S19C42-01-04-09,,
'50BB4,RERR0940902-65-2A3-C5,冷乙二醇回水,-10℃,0.25MPa,液态,E090302,RERR0951201-250-2A3-C5,S19C42-01-04-09,聚氨酯泡沫（B1级）,
'50BA8,GPR0940901-125-2J1,低压氮气等,30℃,0.005MPa,气态,R090302,GPR0950802-150-2J1,S19C42-01-04-09,,
'50B9C,VA0940901-50-2F1,醋酐、醋酸、盐酸、乙腈、DMF、二氯甲烷、乙醇,30℃,-0.098MPa,气态,R090302,VA0950402-100-2F1,S19C42-01-04-09,,
'50B90,HN0940901-25-2J2,氮气,30℃,0.1MPa,气态,N0950902-65-2J2,R090302,S19C42-01-04-09,,
'509EB,PL0940810-65-2F1,二氯甲烷、甲苯、甲醇,30℃,0.09MPa,液态,快速接头,R090404,S19C42-01-04-08,,
'509DF,PL0940801-50-2F1,二氯甲烷、甲苯、乙醇,30℃,0.09MPa,液态,快速接头,R090404,S19C42-01-04-08,,
'509B3,PL0940806-65-2F1,二氯甲烷、甲苯、乙醇,30℃,0.09MPa,液态,F090201,快速接头,S19C42-01-04-08,,
'5098D,HN0940802-25-2J2,氮气,30℃,0.1MPa,气态,N0950902-65-2J2,F090201,S19C42-01-04-08,,
'50766,PL0940804-65-2F1,二氯甲烷、甲苯、乙醇,30℃,0.09MPa,液态,R090404,快速接头,S19C42-01-04-08,,
'5075A,PG0940801-125-2J1-P5,二氯甲烷、甲苯、乙醇,100℃,-0.098~0.25MPa,气态,R090404,E090404,S19C42-01-04-08,,
'5074E,QX0940802-25-2J1,乙醇、水等,40℃,0.3MPa,液态,QX0940801-25-2J1,R090404,S19C42-01-04-08,,
'50742,QX0940801-25-2J1,乙醇、水等,40℃,0.3MPa,液态,快速接头,PL0940802-50-2H1,S19C42-01-04-08,,
'50736,PL0940803-50-2J1,二氯甲烷、甲苯、乙醇,30℃,0.09MPa,液态,E090404,R090404,S19C42-01-04-08,,
'5072A,PL0940802-50-2F1,二氯甲烷、甲苯、乙醇,30℃,0.3MPa,液态,快速接头,R090404,S19C42-01-04-08,,
'5071E,ERR0940802-25-2A3-H5,乙二醇回水,-10~95℃,0.4MPa,液态,ERR0940801-80-2J13-H5,CERR0940801-65-2J13,S19C42-01-04-08,硅酸铝制品（B1级）,
'50712,ERR0940801-80-2A3-H5,乙二醇回水,-10~95℃,0.4MPa,液态,R090404,P090404,S19C42-01-04-08,硅酸铝制品（B1级）,
'50706,ERS0940801-80-2A3-H5,乙二醇供水,100℃,0.45MPa,液态,P090404,R090404,S19C42-01-04-08,硅酸铝制品（B1级）,
'506FA,RERS0940801-65-2A3-C5,冷乙二醇供水,-15℃,0.3MPa,液态,RERS0951201-250-2A3-C5,P090404,S19C42-01-04-08,,
'506EE,CERS0940801-65-2A3,常温乙二醇供水,32℃,0.3MPa,液态,CERS0951301-250-2A3,P090404,S19C42-01-04-08,,
'506E2,HERS0940801-65-2A3-H5,热乙二醇供水,100℃,0.3MPa,液态,HERS0951401-200-2A3-H5,P090404,S19C42-01-04-08,,
'506D6,RERR0940801-65-2A3-C5,冷乙二醇回水,-10℃,0.25MPa,液态,R090404,RERR0951201-250-2A3-C5,S19C42-01-04-08,聚氨酯泡沫（B1级）,
'506CA,CERR0940801-65-2A3,常温乙二醇回水,37℃,0.25MPa,液态,R090404,CERR0951301-250-2A3,S19C42-01-04-08,,
'506BE,HERR0940801-65-2A3-H5,热乙二醇回水,95℃,0.25MPa,液态,R090404,HERR0951401-200-2A3-H5,S19C42-01-04-08,,
'506B2,CERS0940802-65-2A3,常温乙二醇供水,32℃,0.3MPa,液态,CERS0951301-250-2A3,E090404,S19C42-01-04-08,,
'506A6,RERS0940802-65-2A3-C5,冷乙二醇供水,-15℃,0.3MPa,液态,RERS0951201-250-2A3-C5,E090404,S19C42-01-04-08,,
'5069A,CERR0940802-65-2A3,常温乙二醇回水,37℃,0.25MPa,液态,E090404,CERR0951301-250-2A3,S19C42-01-04-08,,
'5068E,RERR0940802-65-2A3-C5,冷乙二醇回水,-10℃,0.25MPa,液态,E090404,RERR0951201-250-2A3-C5,S19C42-01-04-08,聚氨酯泡沫（B1级）,
'50682,GPR0940801-125-2J1,低压氮气等,30℃,0.005MPa,气态,R090404,GPR0950802-150-2J1,S19C42-01-04-08,,
'50676,HN0940801-25-2J2,氮气,30℃,0.1MPa,气态,N0950902-65-2J2,R090404,S19C42-01-04-08,,
'50456,PW0940701-25-1J1,纯化水,30℃,0.3MPa,液态,PW0951101-50-1J1-H5,R090503,S19C42-01-04-07,,
'50269,PL0940704-50-2F1,二氯甲烷、甲苯、乙醇,30℃,0.09MPa,液态,R090503,R090404,S19C42-01-04-07,,
'5025D,PG0940701-125-2F1-P5,乙腈、盐酸、乙醇,100℃,-0.098~0.25MPa,气态,R090503,E090503,S19C42-01-04-07,,
'50251,QX0940702-25-2F1,水等,40℃,0.3MPa,液态,QX0940701-25-2J1,R090503,S19C42-01-04-07,,
'50245,QX0940701-25-2F1,水等,40℃,0.3MPa,液态,快速接头,PL0940702-50-2H1,S19C42-01-04-07,,
'50239,PL0940703-50-2F1,乙腈、盐酸、乙醇,30℃,0.09MPa,液态,E090503,R090503,S19C42-01-04-07,,
'5022D,PL0940702-40-2F1,乙腈、盐酸、乙醇,30℃,0.3MPa,液态,快速接头,R090503,S19C42-01-04-07,,
'50221,ERR0940702-25-2A3-H5,乙二醇回水,-10~95℃,0.4MPa,液态,ERR0940701-50-2J13-H5,CERR0940701-40-2J13,S19C42-01-04-07,硅酸铝制品（B1级）,
'50215,ERR0940701-50-2A3-H5,乙二醇回水,-10~95℃,0.4MPa,液态,R090503,P090503,S19C42-01-04-07,硅酸铝制品（B1级）,
'50209,ERS0940701-50-2A3-H5,乙二醇供水,100℃,0.45MPa,液态,P090503,R090503,S19C42-01-04-07,硅酸铝制品（B1级）,
'501FD,RERS0940701-40-2A3-C5,冷乙二醇供水,-15℃,0.3MPa,液态,RERS0951201-250-2A3-C5,P090503,S19C42-01-04-07,,
'501F1,CERS0940701-40-2A3,常温乙二醇供水,32℃,0.3MPa,液态,CERS0951301-250-2A3,P090503,S19C42-01-04-07,,
'501E5,HERS0940701-40-2A3-H5,热乙二醇供水,100℃,0.3MPa,液态,HERS0951401-200-2A3-H5,P090503,S19C42-01-04-07,,
'501D9,RERR0940701-40-2A3-C5,冷乙二醇回水,-10℃,0.25MPa,液态,R090503,RERR0951201-250-2A3-C5,S19C42-01-04-07,聚氨酯泡沫（B1级）,
'501CD,CERR0940701-40-2A3,常温乙二醇回水,37℃,0.25MPa,液态,R090503,CERR0951301-250-2A3,S19C42-01-04-07,,
'501C1,HERR0940701-40-2A3-H5,热乙二醇回水,95℃,0.25MPa,液态,R090503,HERR0951401-200-2A3-H5,S19C42-01-04-07,,
'501B5,CERS0940702-40-2A3,常温乙二醇供水,32℃,0.3MPa,液态,CERS0951301-250-2A3,E090503,S19C42-01-04-07,,
'501A9,RERS0940702-40-2A3-C5,冷乙二醇供水,-15℃,0.3MPa,液态,RERS0951201-250-2A3-C5,E090503,S19C42-01-04-07,,
'5019D,CERR0940702-40-2A3,常温乙二醇回水,37℃,0.25MPa,液态,E090503,CERR0951301-250-2A3,S19C42-01-04-07,,
'50191,RERR0940702-40-2A3-C5,冷乙二醇回水,-10℃,0.25MPa,液态,E090503,RERR0951201-250-2A3-C5,S19C42-01-04-07,聚氨酯泡沫（B1级）,
'50185,GPR0940701-100-2J1,低压氮气等,30℃,0.005MPa,气态,R090503,GPR0950802-150-2J1,S19C42-01-04-07,,
'50179,HN0940701-15-2J2,氮气,30℃,0.1MPa,气态,N0950902-65-2J2,R090503,S19C42-01-04-07,,
'4FFC2,PL0940611-25-2J1,二氯甲烷、甲苯、甲醇,30℃,0.3MPa,液态,快接头,V090401,S19C42-01-04-06,,
'4FF83,HN0940601-25-2J2,氮气,30℃,0.1MPa,气态,N0950902-65-2J2,V090501,S19C42-01-04-06,,
'4FF68,VTA0940602-40-2J1,甲苯、甲醇,40℃,0.005MPa,气态,V090501,VTA0950601-300-2J1,S19C42-01-04-06,,
'4FF4F,PL0940613-25-2J1,二氯甲烷、甲苯、甲醇,30℃,0.3MPa,液态,P090512,R090402,S19C42-01-04-06,,
'4FF43,PL0940612-25-2J1,二氯甲烷、甲苯、甲醇,30℃,0.09MPa,液态,V090401,P090419,S19C42-01-04-06,,
'4FEEF,PL0940605-65-2F1,二氯甲烷、甲苯、甲醇,30℃,0.09MPa,液态,F090301,快速接头,S19C42-01-04-06,,
'4FEC8,HN0940603-25-2J2,氮气,30℃,0.1MPa,气态,N0950902-65-2J2,F090301,S19C42-01-04-06,,
'4FE64,PL0940601-65-2F1,二氯甲烷、正庚烷、甲苯、乙醇,30℃,0.09MPa,液态,快速接头,R090403,S19C42-01-04-06,,
'4FE1F,PL0940510-50-2F1,二氯甲烷、甲苯、甲醇,30℃,0.3MPa,液态,P090201,快速接头,S19C42-01-04-05,,
'4FE13,PL0940509-65-2F1,二氯甲烷、甲苯、甲醇,30℃,0.09MPa,液态,V090202,P090202,S19C42-01-04-05,,
'4FDBC,HN0940503-25-2J2,氮气,30℃,0.1MPa,气态,N0950902-65-2J2,V090202,S19C42-01-04-05,,
'4FDA1,VTA0940503-40-2J1,甲苯、甲醇,40℃,0.005MPa,气态,V090202,VTA0950601-300-2J1,S19C42-01-04-05,,
'4FB63,PL0940604-65-2F1,二氯甲烷、正庚烷、甲苯、乙醇,30℃,0.09MPa,液态,R090403,快速接头,S19C42-01-04-06,,
'4FB57,PG0940601-125-2J1-P5,二氯甲烷、正庚烷、甲苯、乙醇,100℃,-0.098~0.25MPa,气态,R090403,E090403,S19C42-01-04-06,,
'4FB4B,QX0940602-25-2J1,乙醇、水等,40℃,0.3MPa,液态,QX0940601-25-2J1,R090403,S19C42-01-04-06,,
'4FB3F,QX0940601-25-2F1,乙醇、水等,40℃,0.3MPa,液态,快速接头,PL0940602-50-2H1,S19C42-01-04-06,,
'4FB33,PL0940603-50-2J1,二氯甲烷、正庚烷、甲苯、乙醇,30℃,0.09MPa,液态,E090403,R090403,S19C42-01-04-06,,
'4FB27,PL0940602-50-2F1,二氯甲烷、正庚烷、甲苯、乙醇,30℃,0.3MPa,液态,快速接头,R090403,S19C42-01-04-06,,
'4FB1B,ERR0940602-25-2A3-H5,乙二醇回水,-10~95℃,0.4MPa,液态,ERR0940601-80-2J13-H5,CERR0940601-65-2J13,S19C42-01-04-06,硅酸铝制品（B1级）,
'4FB0F,ERR0940601-80-2A3-H5,乙二醇回水,-10~95℃,0.4MPa,液态,R090403,P090403,S19C42-01-04-06,硅酸铝制品（B1级）,
'4FB03,ERS0940601-80-2A3-H5,乙二醇供水,100℃,0.45MPa,液态,P090403,R090403,S19C42-01-04-06,硅酸铝制品（B1级）,
'4FAF7,RERS0940601-65-2A3-C5,冷乙二醇供水,-15℃,0.3MPa,液态,RERS0951201-250-2A3-C5,P090403,S19C42-01-04-06,,
'4FAEB,CERS0940601-65-2A3,常温乙二醇供水,32℃,0.3MPa,液态,CERS0951301-250-2A3,P090403,S19C42-01-04-06,,
'4FADF,HERS0940601-65-2A3-H5,热乙二醇供水,100℃,0.3MPa,液态,HERS0951401-200-2A3-H5,P090403,S19C42-01-04-06,,
'4FAD3,RERR0940601-65-2A3-C5,冷乙二醇回水,-10℃,0.25MPa,液态,R090403,RERR0951201-250-2A3-C5,S19C42-01-04-06,聚氨酯泡沫（B1级）,
'4FAC7,CERR0940601-65-2A3,常温乙二醇回水,37℃,0.25MPa,液态,R090403,CERR0951301-250-2A3,S19C42-01-04-06,,
'4FABB,HERR0940601-65-2A3-H5,热乙二醇回水,95℃,0.25MPa,液态,R090403,HERR0951401-200-2A3-H5,S19C42-01-04-06,,
'4FAAF,CERS0940602-65-2A3,常温乙二醇供水,32℃,0.3MPa,液态,CERS0951301-250-2A3,E090403,S19C42-01-04-06,,
'4FAA3,RERS0940602-65-2A3-C5,冷乙二醇供水,-15℃,0.3MPa,液态,RERS0951201-250-2A3-C5,E090403,S19C42-01-04-06,,
'4FA97,CERR0940602-65-2A3,常温乙二醇回水,37℃,0.25MPa,液态,E090403,CERR0951301-250-2A3,S19C42-01-04-06,,
'4FA8B,RERR0940602-65-2A3-C5,冷乙二醇回水,-10℃,0.25MPa,液态,E090403,RERR0951201-250-2A3-C5,S19C42-01-04-06,聚氨酯泡沫（B1级）,
'4FA7F,GPR0940601-125-2J1,低压氮气等,30℃,0.005MPa,气态,R090403,GPR0950802-150-2J1,S19C42-01-04-06,,
'4FA73,VA0940601-50-2F1,二氯甲烷、正庚烷、甲苯、乙醇,30℃,-0.098MPa,气态,R090403,VA0950402-100-2F1,S19C42-01-04-06,,
'4FA67,HN0940602-25-2J2,氮气,30℃,0.1MPa,气态,N0950902-65-2J2,R090403,S19C42-01-04-06,,
'4FA5B,VT0940601-65-2H1,二氯甲烷、正庚烷、甲苯、乙醇,40℃,0.005MPa,气态,R090403,快速接头,S19C42-01-04-06,,
'4F759,PL0940502-65-2F1,盐酸、二氯甲烷、乙醇,30℃,0.09MPa,液态,快速接头,R090401,S19C42-01-04-05,,
'4F5EF,PL0940504-65-2F1,盐酸、二氯甲烷、乙醇,30℃,0.09MPa,液态,R090401,快速接头,S19C42-01-04-05,,
'4F5E3,PG0940501-150-2F1-P5,盐酸、二氯甲烷、乙醇,100℃,-0.098~0.25MPa,气态,R090401,E090401,S19C42-01-04-05,,
'4F5D7,QX0940502-25-2F1,乙醇、水等,40℃,0.3MPa,液态,QX0940501-25-2J1,R090401,S19C42-01-04-05,,
'4F5CB,QX0940501-25-2F1,乙醇、水等,40℃,0.3MPa,液态,快速接头,PL0940502-50-2H1,S19C42-01-04-05,,
'4F5BF,PL0940503-65-2F1,盐酸、二氯甲烷、乙醇,30℃,0.09MPa,液态,E090401,R090401,S19C42-01-04-05,,
'4F5B3,CWS0940501-65-2A2,循环水供水,32℃,0.3MPa,液态,CWS0951101-200-2A2,R090401,S19C42-01-04-05,,
'4F5A7,SC0940501-25-2A1-H5,蒸汽冷凝水,90℃,0.09MPa,液态,SC0951201-80-2A1-H5,R090401,S19C42-01-04-05,,
'4F59B,CA0940501-15-2J2,压缩空气,30℃,0.3MPa,气态,CA0950902-50-2J2,R090401,S19C42-01-04-05,,
'4F58F,CWR0940501-65-2A2,循环水回水,37℃,0.25MPa,液态,R090401,CWR0951101-200-2A2,S19C42-01-04-05,,
'4F583,LS0940501-40-2A1-H5,饱和蒸汽,165℃,0.3MPa,气态,LS0951201-150-2A1-H5,R090401,S19C42-01-04-05,,
'4F577,CERS0940502-65-2A3,常温乙二醇供水,32℃,0.3MPa,液态,CERS0951301-250-2A3,E090401,S19C42-01-04-05,,
'4F56B,RERS0940502-65-2A3-C5,冷乙二醇供水,-15℃,0.3MPa,液态,RERS0951201-250-2A3-C5,E090401,S19C42-01-04-05,,
'4F55F,CERR0940502-65-2A3,常温乙二醇回水,37℃,0.25MPa,液态,E090401,CERR0951301-250-2A3,S19C42-01-04-05,,
'4F553,RERR0940502-65-2A3-C5,冷乙二醇回水,-10℃,0.25MPa,液态,E090401,RERR0951201-250-2A3-C5,S19C42-01-04-05,聚氨酯泡沫（B1级）,
'4F547,GPR0940501-125-2J1,低压氮气等,30℃,0.005MPa,气态,R090401,GPR0950802-150-2J1,S19C42-01-04-05,,
'4F53B,VA0940501-50-2F1,盐酸、二氯甲烷、乙醇,30℃,-0.098MPa,气态,R090401,VA0950402-100-2F1,S19C42-01-04-05,,
'4F52F,HN0940501-25-2J2,氮气,30℃,0.1MPa,气态,N0950902-65-2J2,R090401,S19C42-01-04-05,,
'4F523,VT0940501-65-2H1,盐酸、二氯甲烷、乙醇,40℃,0.005MPa,气态,R090401,快速接头,S19C42-01-04-05,,
'4F3B3,PL0940508-50-2F1,二氯甲烷、甲苯、甲醇,30℃,0.3MPa,液态,P090201,快速接头,S19C42-01-04-05,,
'4F3A7,PL0940507-65-2F1,二氯甲烷、甲苯、甲醇,30℃,0.09MPa,液态,V090201,P090201,S19C42-01-04-05,,
'4F396,PL0940506-65-2F1,二氯甲烷、甲苯、甲醇,30℃,0.09MPa,液态,快速接头,E090201,S19C42-01-04-05,,
'4F353,PW0940401-25-1J1,纯化水,30℃,0.3MPa,液态,PW0951101-50-1J1-H5,R090502,S19C42-01-04-04,,
'4F178,PG0940401-125-2F1-P5,DMF、乙醇,100℃,-0.098~0.25MPa,气态,R090502,E090502,S19C42-01-04-04,,
'4F16C,QX0940402-25-2F1,水等,40℃,0.3MPa,液态,QX0940401-25-2J1,R090502,S19C42-01-04-04,,
'4F160,QX0940401-25-2F1,水等,40℃,0.3MPa,液态,快速接头,PL0940402-50-2H1,S19C42-01-04-04,,
'4F154,PL0940403-50-2F1,DMF、乙醇,30℃,0.09MPa,液态,E090502,R090502,S19C42-01-04-04,,
'4F148,PL0940402-40-2F1,DMF、乙醇,30℃,0.3MPa,液态,快速接头,R090502,S19C42-01-04-04,,
'4F13C,ERR0940402-25-2A3-H5,乙二醇回水,-10~95℃,0.4MPa,液态,ERR0940401-50-2J13-H5,CERR0940401-40-2J13,S19C42-01-04-04,硅酸铝制品（B1级）,
'4F130,ERR0940401-50-2A3-H5,乙二醇回水,-10~95℃,0.4MPa,液态,R090502,P090502,S19C42-01-04-04,硅酸铝制品（B1级）,
'4F124,ERS0940401-50-2A3-H5,乙二醇供水,100℃,0.45MPa,液态,P090502,R090502,S19C42-01-04-04,硅酸铝制品（B1级）,
'4F118,RERS0940401-40-2A3-C5,冷乙二醇供水,-15℃,0.3MPa,液态,RERS0951201-250-2A3-C5,P090502,S19C42-01-04-04,,
'4F10C,CERS0940401-40-2A3,常温乙二醇供水,32℃,0.3MPa,液态,CERS0951301-250-2A3,P090502,S19C42-01-04-04,,
'4F100,HERS0940401-40-2A3-H5,热乙二醇供水,100℃,0.3MPa,液态,HERS0951401-200-2A3-H5,P090502,S19C42-01-04-04,,
'4F0F4,RERR0940401-40-2A3-C5,冷乙二醇回水,-10℃,0.25MPa,液态,R090502,RERR0951201-250-2A3-C5,S19C42-01-04-04,聚氨酯泡沫（B1级）,
'4F0E8,CERR0940401-40-2A3,常温乙二醇回水,37℃,0.25MPa,液态,R090502,CERR0951301-250-2A3,S19C42-01-04-04,,
'4F0DC,HERR0940401-40-2A3-H5,热乙二醇回水,95℃,0.25MPa,液态,R090502,HERR0951401-200-2A3-H5,S19C42-01-04-04,,
'4F0D0,CERS0940402-40-2A3,常温乙二醇供水,32℃,0.3MPa,液态,CERS0951301-250-2A3,E090502,S19C42-01-04-04,,
'4F0C4,RERS0940402-40-2A3-C5,冷乙二醇供水,-15℃,0.3MPa,液态,RERS0951201-250-2A3-C5,E090502,S19C42-01-04-04,,
'4F0B8,CERR0940402-40-2A3,常温乙二醇回水,37℃,0.25MPa,液态,E090502,CERR0951301-250-2A3,S19C42-01-04-04,,
'4F0AC,RERR0940402-40-2A3-C5,冷乙二醇回水,-10℃,0.25MPa,液态,E090502,RERR0951201-250-2A3-C5,S19C42-01-04-04,聚氨酯泡沫（B1级）,
'4F0A0,GPR0940401-100-2J1,低压氮气等,30℃,0.005MPa,气态,R090502,GPR0950802-150-2J1,S19C42-01-04-04,,
'4F094,VA0940401-40-2F1,DMF、乙醇,30℃,-0.098MPa,气态,R090502,VA0950402-100-2F1,S19C42-01-04-04,,
'4F088,HN0940401-15-2J2,氮气,30℃,0.1MPa,气态,N0950902-65-2J2,R090502,S19C42-01-04-04,,
'4EEB1,HN0940502-25-2J2,氮气,30℃,0.1MPa,气态,N0950902-65-2J2,V090201,S19C42-01-04-05,,
'4EE96,VTA0940502-40-2J1,甲苯、甲醇,40℃,0.005MPa,气态,V090201,VTA0950601-300-2J1,S19C42-01-04-05,,
'4EE00,DW0940301-25-2J3,自来水,30℃,0.3MPa,液态,快速接头,R090301,S19C42-01-04-03,,
'4ED81,PL0940301-25-2F1,二氯甲烷、三乙胺、盐酸、三乙胺、DMF、丙醛、乙醇,30℃,0.09MPa,液态,R090402,快速接头,S19C42-01-04-03,,
'4ED5D,VT0940201-50-2H1,二氯甲烷、三乙胺、盐酸、三乙胺、DMF、丙醛、乙醇,40℃,0.005MPa,气态,R090402,快速接头,S19C42-01-04-02,,
'4EBB6,PG0940301-150-2F1-P5,甲醇、盐酸、二氯甲烷、三乙胺、DMF、乙醇,100℃,-0.098~0.25MPa,气态,R090301,E090301,S19C42-01-04-03,,
'4EBAA,QX0940302-25-2F1,乙醇、水等,40℃,0.3MPa,液态,QX0940301-25-2J1,R090301,S19C42-01-04-03,,
'4EB9E,QX0940301-25-2F1,乙醇、水等,40℃,0.3MPa,液态,快速接头,PL0940302-50-2H1,S19C42-01-04-03,,
'4EB92,PL0940303-65-2F1,甲醇、盐酸、二氯甲烷、三乙胺、DMF、乙醇,30℃,0.09MPa,液态,E090301,R090301,S19C42-01-04-03,,
'4EB86,PL0940302-50-2F1,甲醇、盐酸、二氯甲烷、三乙胺、DMF、乙醇,30℃,0.3MPa,液态,快速接头,R090301,S19C42-01-04-03,,
'4EB7A,ERR0940302-25-2A3-H5,乙二醇回水,-10~95℃,0.4MPa,液态,ERR0940301-80-2J13-H5,CERR0940301-65-2J13,S19C42-01-04-03,硅酸铝制品（B1级）,
'4EB6E,ERR0940301-80-2A3-H5,乙二醇回水,-10~95℃,0.4MPa,液态,R090301,P090301,S19C42-01-04-03,硅酸铝制品（B1级）,
'4EB62,ERS0940301-80-2A3-H5,乙二醇供水,100℃,0.45MPa,液态,P090301,R090301,S19C42-01-04-03,硅酸铝制品（B1级）,
'4EB56,RERS0940301-65-2A3-C5,冷乙二醇供水,-15℃,0.3MPa,液态,RERS0951201-250-2A3-C5,P090301,S19C42-01-04-03,,
'4EB4A,CERS0940301-65-2A3,常温乙二醇供水,32℃,0.3MPa,液态,CERS0951301-250-2A3,P090301,S19C42-01-04-03,,
'4EB3E,HERS0940301-65-2A3-H5,热乙二醇供水,100℃,0.3MPa,液态,HERS0951401-200-2A3-H5,P090301,S19C42-01-04-03,,
'4EB32,RERR0940301-65-2A3-C5,冷乙二醇回水,-10℃,0.25MPa,液态,R090301,RERR0951201-250-2A3-C5,S19C42-01-04-03,聚氨酯泡沫（B1级）,
'4EB26,CERR0940301-65-2A3,常温乙二醇回水,37℃,0.25MPa,液态,R090301,CERR0951301-250-2A3,S19C42-01-04-03,,
'4EB1A,HERR0940301-65-2A3-H5,热乙二醇回水,95℃,0.25MPa,液态,R090301,HERR0951401-200-2A3-H5,S19C42-01-04-03,,
'4EB0E,CERS0940302-65-2A3,常温乙二醇供水,32℃,0.3MPa,液态,CERS0951301-250-2A3,E090301,S19C42-01-04-03,,
'4EB02,RERS0940302-65-2A3-C5,冷乙二醇供水,-15℃,0.3MPa,液态,RERS0951201-250-2A3-C5,E090301,S19C42-01-04-03,,
'4EAF6,CERR0940302-65-2A3,常温乙二醇回水,37℃,0.25MPa,液态,E090301,CERR0951301-250-2A3,S19C42-01-04-03,,
'4EAEA,RERR0940302-65-2A3-C5,冷乙二醇回水,-10℃,0.25MPa,液态,E090301,RERR0951201-250-2A3-C5,S19C42-01-04-03,聚氨酯泡沫（B1级）,
'4EADE,GPR0940301-125-2J1,低压氮气等,30℃,0.005MPa,气态,R090301,GPR0950802-150-2J1,S19C42-01-04-03,,
'4EAD2,VA0940301-50-2F1,甲醇、盐酸、二氯甲烷、三乙胺、DMF、乙醇,30℃,-0.098MPa,气态,R090301,VA0950402-100-2F1,S19C42-01-04-03,,
'4EAC6,HN0940301-25-2J2,氮气,30℃,0.1MPa,气态,N0950902-65-2J2,R090301,S19C42-01-04-03,,
'4EABA,VT0940301-65-2H1,甲醇、盐酸、二氯甲烷、三乙胺、DMF、乙醇,40℃,0.005MPa,气态,R090301,快速接头,S19C42-01-04-03,,
'4E8FE,PL0940201-40-2F1,盐酸,30℃,0.3MPa,液态,快接头,V090506,S19C42-01-04-02,,
'4E884,HN0940202-25-2J2,氮气,30℃,0.1MPa,气态,N0950902-65-2J2,V090506,S19C42-01-04-02,,
'4E869,VTA0940202-40-2J1,甲苯、甲醇,40℃,0.005MPa,气态,V090506,VTA0950601-300-2J1,S19C42-01-04-02,,
'4E850,PL0940202-50-2F1,盐酸,30℃,0.09MPa,液态,V090506,P090517,S19C42-01-04-02,,
'4E7DF,PL0940201-25-2F1,二氯甲烷、三乙胺、盐酸、三乙胺、DMF、丙醛、乙醇,30℃,0.09MPa,液态,R090501,R090402,S19C42-01-04-02,,
'4E7BC,DW0940201-25-2J3,自来水,30℃,0.3MPa,液态,快速接头,R090402,S19C42-01-04-02,,
'4E5FA,PL0940204-25-2F1,二氯甲烷、三乙胺、盐酸、三乙胺、DMF、丙醛、乙醇,30℃,0.09MPa,液态,R090402,快速接头,S19C42-01-04-02,,
'4E5EE,PG0940201-150-2F1-P5,二氯甲烷、三乙胺、盐酸、三乙胺、DMF、丙醛、乙醇,100℃,-0.098~0.25MPa,气态,R090402,E090402,S19C42-01-04-02,,
'4E5E2,QX0940202-25-2F1,乙醇、水等,40℃,0.3MPa,液态,QX0940201-25-2J1,R090402,S19C42-01-04-02,,
'4E5D6,QX0940201-25-2F1,乙醇、水等,40℃,0.3MPa,液态,快速接头,PL0940202-50-2H1,S19C42-01-04-02,,
'4E5CA,PL0940203-65-2F1,二氯甲烷、三乙胺、盐酸、三乙胺、DMF、丙醛、乙醇,30℃,0.09MPa,液态,E090402,R090402,S19C42-01-04-02,,
'4E5BE,PL0940202-25-2F1,二氯甲烷、三乙胺、盐酸、三乙胺、DMF、丙醛、乙醇,30℃,0.3MPa,液态,快速接头,R090402,S19C42-01-04-02,,
'4E5B2,ERR0940202-25-2A3-H5,乙二醇回水,-10~95℃,0.4MPa,液态,ERR0940201-65-2J13-H5,CERR0940201-50-2J13,S19C42-01-04-02,硅酸铝制品（B1级）,
'4E5A6,ERR0940201-65-2A3-H5,乙二醇回水,-10~95℃,0.4MPa,液态,R090402,P090402,S19C42-01-04-02,硅酸铝制品（B1级）,
'4E59A,ERS0940201-65-2A3-H5,乙二醇供水,100℃,0.45MPa,液态,P090402,R090402,S19C42-01-04-02,硅酸铝制品（B1级）,
'4E58E,RERS0940201-50-2A3-C5,冷乙二醇供水,-15℃,0.3MPa,液态,RERS0951201-250-2A3-C5,P090402,S19C42-01-04-02,,
'4E582,CERS0940201-50-2A3,常温乙二醇供水,32℃,0.3MPa,液态,CERS0951301-250-2A3,P090402,S19C42-01-04-02,,
'4E576,HERS0940201-50-2A3-H5,热乙二醇供水,100℃,0.3MPa,液态,HERS0951401-200-2A3-H5,P090402,S19C42-01-04-02,,
'4E56A,RERR0940201-50-2A3-C5,冷乙二醇回水,-10℃,0.25MPa,液态,R090402,RERR0951201-250-2A3-C5,S19C42-01-04-02,聚氨酯泡沫（B1级）,
'4E55E,CERR0940201-50-2A3,常温乙二醇回水,37℃,0.25MPa,液态,R090402,CERR0951301-250-2A3,S19C42-01-04-02,,
'4E552,HERR0940201-50-2A3-H5,热乙二醇回水,95℃,0.25MPa,液态,R090402,HERR0951401-200-2A3-H5,S19C42-01-04-02,,
'4E546,CERS0940202-50-2A3,常温乙二醇供水,32℃,0.3MPa,液态,CERS0951301-250-2A3,E090402,S19C42-01-04-02,,
'4E53A,RERS0940202-50-2A3-C5,冷乙二醇供水,-15℃,0.3MPa,液态,RERS0951201-250-2A3-C5,E090402,S19C42-01-04-02,,
'4E52E,CERR0940202-50-2A3,常温乙二醇回水,37℃,0.25MPa,液态,E090402,CERR0951301-250-2A3,S19C42-01-04-02,,
'4E522,RERR0940202-50-2A3-C5,冷乙二醇回水,-10℃,0.25MPa,液态,E090402,RERR0951201-250-2A3-C5,S19C42-01-04-02,聚氨酯泡沫（B1级）,
'4E516,GPR0940201-100-2J1,低压氮气等,30℃,0.005MPa,气态,R090402,GPR0950802-150-2J1,S19C42-01-04-02,,
'4E50A,VA0940201-40-2F1,二氯甲烷、三乙胺、盐酸、三乙胺、DMF、丙醛、乙醇,30℃,-0.098MPa,气态,R090402,VA0950402-100-2F1,S19C42-01-04-02,,
'4E4FE,HN0940201-25-2J2,氮气,30℃,0.1MPa,气态,N0950902-65-2J2,R090402,S19C42-01-04-02,,
'4E339,DW0940101-25-2J3,自来水,30℃,0.3MPa,液态,快速接头,R090501,S19C42-01-04-01,,
'4E134,PL0940104-25-2F1,盐酸、乙腈、三乙胺、乙醇,30℃,0.09MPa,液态,R090501,快速接头,S19C42-01-04-01,,
'4E128,PG0940101-125-2F1-P5,盐酸、乙腈、三乙胺、乙醇,165℃,-0.098~0.25MPa,气态,R090501,E090501,S19C42-01-04-01,,
'4E11C,QX0940102-25-2F1,水等,40℃,0.3MPa,液态,QX0940101-25-2J1,R090501,S19C42-01-04-01,,
'4E110,QX0940101-25-2F1,水等,40℃,0.3MPa,液态,快速接头,PL0940102-50-2H1,S19C42-01-04-01,,
'4E104,PL0940103-50-2F1,盐酸、乙腈、三乙胺、乙醇,30℃,0.09MPa,液态,E090501,R090501,S19C42-01-04-01,,
'4E0F8,ERR0940102-25-2A3-H5,乙二醇回水,-10~95℃,0.4MPa,液态,ERR0940101-50-2J13-H5,CERR0940101-40-2J13,S19C42-01-04-01,硅酸铝制品（B1级）,
'4E0EC,ERR0940101-50-2A3-H5,乙二醇回水,-10~95℃,0.4MPa,液态,R090501,P090501,S19C42-01-04-01,硅酸铝制品（B1级）,
'4E0E0,ERS0940101-50-2A3-H5,乙二醇供水,100℃,0.45MPa,液态,P090501,R090501,S19C42-01-04-01,硅酸铝制品（B1级）,
'4E0D4,RERS0940101-40-2A3-C5,冷乙二醇供水,-15℃,0.3MPa,液态,RERS0951201-250-2A3-C5,P090501,S19C42-01-04-01,,
'4E0C8,CERS0940101-40-2A3,常温乙二醇供水,32℃,0.3MPa,液态,CERS0951301-250-2A3,P090501,S19C42-01-04-01,,
'4E0BC,HERS0940101-40-2A3-H5,热乙二醇供水,100℃,0.3MPa,液态,HERS0951401-200-2A3-H5,P090501,S19C42-01-04-01,,
'4E0B0,RERR0940101-40-2A3-C5,冷乙二醇回水,-10℃,0.25MPa,液态,R090501,RERR0951201-250-2A3-C5,S19C42-01-04-01,聚氨酯泡沫（B1级）,
'4E0A4,CERR0940101-40-2A3,常温乙二醇回水,37℃,0.25MPa,液态,R090501,CERR0951301-250-2A3,S19C42-01-04-01,,
'4E098,HERR0940101-40-2A3-H5,热乙二醇回水,95℃,0.25MPa,液态,R090501,HERR0951401-200-2A3-H5,S19C42-01-04-01,,
'4E08C,CERS0940102-40-2A3,常温乙二醇供水,32℃,0.3MPa,液态,CERS0951301-250-2A3,E090501,S19C42-01-04-01,,
'4E080,RERS0940102-40-2A3-C5,冷乙二醇供水,-15℃,0.3MPa,液态,RERS0951201-250-2A3-C5,E090501,S19C42-01-04-01,,
'4E074,CERR0940102-40-2A3,常温乙二醇回水,37℃,0.25MPa,液态,E090501,CERR0951301-250-2A3,S19C42-01-04-01,,
'4E068,RERR0940102-40-2A3-C5,冷乙二醇回水,-10℃,0.25MPa,液态,E090501,RERR0951201-250-2A3-C5,S19C42-01-04-01,聚氨酯泡沫（B1级）,
'4E05C,GPR0940101-80-2J1,低压氮气等,30℃,0.005MPa,气态,R090501,GPR0950802-150-2J1,S19C42-01-04-01,,
'4E050,VA0940101-40-2F1,盐酸、乙腈、三乙胺、乙醇,30℃,-0.098MPa,气态,R090501,VA0950402-100-2F1,S19C42-01-04-01,,
'4E044,HN0940101-15-2J2,氮气,30℃,0.1MPa,气态,N0950902-65-2J2,R090501,S19C42-01-04-01,,
'4E038,VT0940102-40-2H1,盐酸、乙腈、三乙胺、乙醇,40℃,0.005MPa,气态,E090501,快速接头,S19C42-01-04-01,,
